solid horn
facet normal 0.9008915898583708 0.4338465239729532 0.013097211880491677
 outer loop
  vertex 11 0 0
  vertex 6.85838782044607 8.600146307148329 0
  vertex 6.861146613036631 8.45171820935981 4.726932862304862
 endloop
endfacet
facet normal 0.9016416716454924 0.432158527158588 0.016772100537566798
 outer loop
  vertex 11 0 0
  vertex 6.861146613036631 8.45171820935981 4.726932862304862
  vertex 10.911695212570818 0.008310748299645397 4.532987101818131
 endloop
endfacet
facet normal 0.22246140705491468 0.9746671077861724 0.023129015778572563
 outer loop
  vertex 6.85838782044607 8.600146307148329 0
  vertex -2.4477302735194577 10.72420703400006 0
  vertex -2.2403534739830406 10.547846419708295 5.437306820476065
 endloop
endfacet
facet normal 0.22658205645955326 0.9735163998744805 0.030436669758543613
 outer loop
  vertex 6.85838782044607 8.600146307148329 0
  vertex -2.2403534739830406 10.547846419708295 5.437306820476065
  vertex 6.861146613036631 8.45171820935981 4.726932862304862
 endloop
endfacet
facet normal -0.6228669098833066 0.7810504006361962 0.04468874845481503
 outer loop
  vertex -2.4477302735194577 10.72420703400006 0
  vertex -9.91065754692661 4.7727211302931405 0
  vertex -9.539189846195134 4.718268083729484 6.129182896840871
 endloop
endfacet
facet normal -0.6204811750029848 0.7826857968139304 0.04905155382511722
 outer loop
  vertex -2.4477302735194577 10.72420703400006 0
  vertex -9.539189846195134 4.718268083729484 6.129182896840871
  vertex -2.2403534739830406 10.547846419708295 5.437306820476065
 endloop
endfacet
facet normal -0.9982560290421929 1.8577022166731136e-16 0.0590330456686125
 outer loop
  vertex -9.91065754692661 4.7727211302931405 0
  vertex -9.910657546926611 -4.772721130293138 0
  vertex -9.539189846195136 -4.6472254098577865 6.281564294196649
 endloop
endfacet
facet normal -0.9981674644455935 0.0009844325247037478 0.060504080976897925
 outer loop
  vertex -9.91065754692661 4.7727211302931405 0
  vertex -9.539189846195136 -4.6472254098577865 6.281564294196649
  vertex -9.539189846195134 4.718268083729484 6.129182896840871
 endloop
endfacet
facet normal -0.622609017743206 -0.7807270141211147 0.05313511500287633
 outer loop
  vertex -9.910657546926611 -4.772721130293138 0
  vertex -2.4477302735194604 -10.72420703400006 0
  vertex -2.2403534739830433 -10.496226439130949 5.779704712320465
 endloop
endfacet
facet normal -0.6222864546552516 -0.781033575435568 0.05240345785280403
 outer loop
  vertex -9.910657546926611 -4.772721130293138 0
  vertex -2.2403534739830433 -10.496226439130949 5.779704712320465
  vertex -9.539189846195136 -4.6472254098577865 6.281564294196649
 endloop
endfacet
facet normal 0.22239128623939391 -0.974359888420063 0.03413097775965676
 outer loop
  vertex -2.4477302735194604 -10.72420703400006 0
  vertex 6.858387820446067 -8.600146307148329 0
  vertex 6.861146613036628 -8.424317931169783 5.001514652434909
 endloop
endfacet
facet normal 0.22433177987818517 -0.9740394229297302 0.0303719461905801
 outer loop
  vertex -2.4477302735194604 -10.72420703400006 0
  vertex 6.861146613036628 -8.424317931169783 5.001514652434909
  vertex -2.2403534739830433 -10.496226439130949 5.779704712320465
 endloop
endfacet
facet normal 0.9008172709915456 -0.4338107338929919 0.0183437030767553
 outer loop
  vertex 6.858387820446067 -8.600146307148329 0
  vertex 11 0 0
  vertex 10.911695212570818 0.008310748299645397 4.532987101818131
 endloop
endfacet
facet normal 0.9016237594797145 -0.4322713619522 0.0146991828907612
 outer loop
  vertex 6.858387820446067 -8.600146307148329 0
  vertex 10.911695212570818 0.008310748299645397 4.532987101818131
  vertex 6.861146613036628 -8.424317931169783 5.001514652434909
 endloop
endfacet
facet normal 0.892976403375603 0.4313407824156179 -0.12860121476663725
 outer loop
  vertex 10.911695212570818 0.008310748299645397 4.532987101818131
  vertex 6.861146613036631 8.45171820935981 4.726932862304862
  vertex 7.370316298221557 8.402392848551179 8.097044686261217
 endloop
endfacet
facet normal 0.8990646885371302 0.4246131748440732 -0.10670678316990682
 outer loop
  vertex 10.911695212570818 0.008310748299645397 4.532987101818131
  vertex 7.370316298221557 8.402392848551179 8.097044686261217
  vertex 11.281217286647303 0.08946127005744095 7.969336865423514
 endloop
endfacet
facet normal 0.2195873414007908 0.973753402008833 -0.05988081139026661
 outer loop
  vertex 6.861146613036631 8.45171820935981 4.726932862304862
  vertex -2.2403534739830406 10.547846419708295 5.437306820476065
  vertex -1.2899098082736766 10.627056158069024 10.210724936714087
 endloop
endfacet
facet normal 0.24356164039484626 0.9696219172885033 -0.022606743284652883
 outer loop
  vertex 6.861146613036631 8.45171820935981 4.726932862304862
  vertex -1.2899098082736766 10.627056158069024 10.210724936714087
  vertex 7.370316298221557 8.402392848551179 8.097044686261217
 endloop
endfacet
facet normal -0.6170494688389754 0.7824798136337983 0.08351822711932252
 outer loop
  vertex -2.2403534739830406 10.547846419708295 5.437306820476065
  vertex -9.539189846195134 4.718268083729484 6.129182896840871
  vertex -8.178134138229016 5.08823435168264 12.718733276971536
 endloop
endfacet
facet normal -0.5993369557401825 0.7934250798078147 0.10616899837548224
 outer loop
  vertex -2.2403534739830406 10.547846419708295 5.437306820476065
  vertex -8.178134138229016 5.08823435168264 12.718733276971536
  vertex -1.2899098082736766 10.627056158069024 10.210724936714087
 endloop
endfacet
facet normal -0.9820738515692357 0.0030665299997745883 0.18847160650275002
 outer loop
  vertex -9.539189846195134 4.718268083729484 6.129182896840871
  vertex -9.539189846195136 -4.6472254098577865 6.281564294196649
  vertex -8.107383277018512 -4.0432267790245655 13.732488272773004
 endloop
endfacet
facet normal -0.979385266589472 0.014777342178745451 0.20145999539760073
 outer loop
  vertex -9.539189846195134 4.718268083729484 6.129182896840871
  vertex -8.107383277018512 -4.0432267790245655 13.732488272773004
  vertex -8.178134138229016 5.08823435168264 12.718733276971536
 endloop
endfacet
facet normal -0.6090097613247634 -0.7746049336642737 0.1705705348356535
 outer loop
  vertex -9.539189846195136 -4.6472254098577865 6.281564294196649
  vertex -2.2403534739830433 -10.496226439130949 5.779704712320465
  vertex -1.1309340661882255 -9.891150754768905 12.488611735446675
 endloop
endfacet
facet normal -0.6128302526641323 -0.7694090332443547 0.18013556278981474
 outer loop
  vertex -9.539189846195136 -4.6472254098577865 6.281564294196649
  vertex -1.1309340661882255 -9.891150754768905 12.488611735446675
  vertex -8.107383277018512 -4.0432267790245655 13.732488272773004
 endloop
endfacet
facet normal 0.22536063578823914 -0.9732594467126595 0.0444818302421158
 outer loop
  vertex -2.2403534739830433 -10.496226439130949 5.779704712320465
  vertex 6.861146613036628 -8.424317931169783 5.001514652434909
  vertex 7.497804944877455 -8.051931545905251 9.92376806805656
 endloop
endfacet
facet normal 0.22266927668233524 -0.9735599988315562 0.05098354535402582
 outer loop
  vertex -2.2403534739830433 -10.496226439130949 5.779704712320465
  vertex 7.497804944877455 -8.051931545905251 9.92376806805656
  vertex -1.1309340661882255 -9.891150754768905 12.488611735446675
 endloop
endfacet
facet normal 0.8961807259520427 -0.4352568479361238 -0.08609054975303505
 outer loop
  vertex 6.861146613036628 -8.424317931169783 5.001514652434909
  vertex 10.911695212570818 0.008310748299645397 4.532987101818131
  vertex 11.281217286647303 0.08946127005744095 7.969336865423514
 endloop
endfacet
facet normal 0.8959881057446377 -0.4362746540565498 -0.08288389826723816
 outer loop
  vertex 6.861146613036628 -8.424317931169783 5.001514652434909
  vertex 11.281217286647303 0.08946127005744095 7.969336865423514
  vertex 7.497804944877455 -8.051931545905251 9.92376806805656
 endloop
endfacet
facet normal 0.8402654512108684 0.40091839494881604 -0.36499097535837915
 outer loop
  vertex 11.281217286647303 0.08946127005744095 7.969336865423514
  vertex 7.370316298221557 8.402392848551179 8.097044686261217
  vertex 8.326586264065394 8.60950136362767 10.52602043532838
 endloop
endfacet
facet normal 0.8569981068179553 0.39610836167101315 -0.3296246512698137
 outer loop
  vertex 11.281217286647303 0.08946127005744095 7.969336865423514
  vertex 8.326586264065394 8.60950136362767 10.52602043532838
  vertex 12.31555541381218 0.5625044328746674 11.226988151140542
 endloop
endfacet
facet normal 0.1860156333783009 0.9526520723685368 -0.2405248701294764
 outer loop
  vertex 7.370316298221557 8.402392848551179 8.097044686261217
  vertex -1.2899098082736766 10.627056158069024 10.210724936714087
  vertex 0.3043411653761625 11.197821085242998 13.704317906466748
 endloop
endfacet
facet normal 0.23867278465752 0.9551277065825358 -0.1754034377719279
 outer loop
  vertex 7.370316298221557 8.402392848551179 8.097044686261217
  vertex 0.3043411653761625 11.197821085242998 13.704317906466748
  vertex 8.326586264065394 8.60950136362767 10.52602043532838
 endloop
endfacet
facet normal -0.6057049854997072 0.7912550057552735 0.08388674751128138
 outer loop
  vertex -1.2899098082736766 10.627056158069024 10.210724936714087
  vertex -8.178134138229016 5.08823435168264 12.718733276971536
  vertex -5.71026569896494 6.378406055243978 18.368557743335263
 endloop
endfacet
facet normal -0.5611192616274138 0.8186482063303846 0.1223122581867829
 outer loop
  vertex -1.2899098082736766 10.627056158069024 10.210724936714087
  vertex -5.71026569896494 6.378406055243978 18.368557743335263
  vertex 0.3043411653761625 11.197821085242998 13.704317906466748
 endloop
endfacet
facet normal -0.9303943952492804 0.03331752778746757 0.36504275315482887
 outer loop
  vertex -8.178134138229016 5.08823435168264 12.718733276971536
  vertex -8.107383277018512 -4.0432267790245655 13.732488272773004
  vertex -5.188112684488135 -2.219625910629529 21.006472215618416
 endloop
endfacet
facet normal -0.9197680308388132 0.06299124129504134 0.38737433183808384
 outer loop
  vertex -8.178134138229016 5.08823435168264 12.718733276971536
  vertex -5.188112684488135 -2.219625910629529 21.006472215618416
  vertex -5.71026569896494 6.378406055243978 18.368557743335263
 endloop
endfacet
facet normal -0.5516885146532022 -0.7399947003323942 0.38476957556401664
 outer loop
  vertex -8.107383277018512 -4.0432267790245655 13.732488272773004
  vertex -1.1309340661882255 -9.891150754768905 12.488611735446675
  vertex 1.477608338925135 -8.121781374185572 19.631657922038123
 endloop
endfacet
facet normal -0.5577103209679383 -0.7242951135674359 0.4054081725226746
 outer loop
  vertex -8.107383277018512 -4.0432267790245655 13.732488272773004
  vertex 1.477608338925135 -8.121781374185572 19.631657922038123
  vertex -5.188112684488135 -2.219625910629529 21.006472215618416
 endloop
endfacet
facet normal 0.2433316565201835 -0.961286521243438 0.1292978306501403
 outer loop
  vertex -1.1309340661882255 -9.891150754768905 12.488611735446675
  vertex 7.497804944877455 -8.051931545905251 9.92376806805656
  vertex 9.2674734847154 -6.883616889336061 15.279378066761103
 endloop
endfacet
facet normal 0.23699630067829583 -0.9596773500756807 0.1511692336969472
 outer loop
  vertex -1.1309340661882255 -9.891150754768905 12.488611735446675
  vertex 9.2674734847154 -6.883616889336061 15.279378066761103
  vertex 1.477608338925135 -8.121781374185572 19.631657922038123
 endloop
endfacet
facet normal 0.866587704550276 -0.4529772055549899 -0.20937383210390945
 outer loop
  vertex 7.497804944877455 -8.051931545905251 9.92376806805656
  vertex 11.281217286647303 0.08946127005744095 7.969336865423514
  vertex 12.31555541381218 0.5625044328746674 11.226988151140542
 endloop
endfacet
facet normal 0.8691295263766879 -0.4577328061444418 -0.1873353798922377
 outer loop
  vertex 7.497804944877455 -8.051931545905251 9.92376806805656
  vertex 12.31555541381218 0.5625044328746674 11.226988151140542
  vertex 9.2674734847154 -6.883616889336061 15.279378066761103
 endloop
endfacet
facet normal 0.7519539689008037 0.3226761877072184 -0.5748437235815185
 outer loop
  vertex 12.31555541381218 0.5625044328746674 11.226988151140542
  vertex 8.326586264065394 8.60950136362767 10.52602043532838
  vertex 9.641942137205817 9.435470963546365 12.71027980788581
 endloop
endfacet
facet normal 0.7632041104731737 0.3234774202302794 -0.5593584220855309
 outer loop
  vertex 12.31555541381218 0.5625044328746674 11.226988151140542
  vertex 9.641942137205817 9.435470963546365 12.71027980788581
  vertex 14.18947077984515 2.1309134208102813 14.690822299010645
 endloop
endfacet
facet normal 0.10179569156749535 0.8815551254848101 -0.460975268219192
 outer loop
  vertex 8.326586264065394 8.60950136362767 10.52602043532838
  vertex 0.3043411653761625 11.197821085242998 13.704317906466748
  vertex 2.0200589729263054 12.275980191558004 16.14503315646442
 endloop
endfacet
facet normal 0.14230166393568677 0.8944479134932742 -0.4239258974026747
 outer loop
  vertex 8.326586264065394 8.60950136362767 10.52602043532838
  vertex 2.0200589729263054 12.275980191558004 16.14503315646442
  vertex 9.641942137205817 9.435470963546365 12.71027980788581
 endloop
endfacet
facet normal -0.620029243679884 0.7845006937250989 0.011063386759457679
 outer loop
  vertex 0.3043411653761625 11.197821085242998 13.704317906466748
  vertex -5.71026569896494 6.378406055243978 18.368557743335263
  vertex -2.936745232208457 8.513479720323682 22.408643017067057
 endloop
endfacet
facet normal -0.5716827785254155 0.8195059041320505 0.03986068025223758
 outer loop
  vertex 0.3043411653761625 11.197821085242998 13.704317906466748
  vertex -2.936745232208457 8.513479720323682 22.408643017067057
  vertex 2.0200589729263054 12.275980191558004 16.14503315646442
 endloop
endfacet
facet normal -0.8626039911751836 0.09977224934046197 0.49594339663936277
 outer loop
  vertex -5.71026569896494 6.378406055243978 18.368557743335263
  vertex -5.188112684488135 -2.219625910629529 21.006472215618416
  vertex -1.4958958113529697 0.9812091457054852 26.784483410303537
 endloop
endfacet
facet normal -0.8487004614847689 0.1347577523153704 0.5114175152128145
 outer loop
  vertex -5.71026569896494 6.378406055243978 18.368557743335263
  vertex -1.4958958113529697 0.9812091457054852 26.784483410303537
  vertex -2.936745232208457 8.513479720323682 22.408643017067057
 endloop
endfacet
facet normal -0.44510490226721305 -0.6469161329707522 0.6191777958550053
 outer loop
  vertex -5.188112684488135 -2.219625910629529 21.006472215618416
  vertex 1.477608338925135 -8.121781374185572 19.631657922038123
  vertex 5.2576182336167125 -4.64887815929033 25.977457269189813
 endloop
endfacet
facet normal -0.4484733356297504 -0.6289861974493506 0.635018134109044
 outer loop
  vertex -5.188112684488135 -2.219625910629529 21.006472215618416
  vertex 5.2576182336167125 -4.64887815929033 25.977457269189813
  vertex -1.4958958113529697 0.9812091457054852 26.784483410303537
 endloop
endfacet
facet normal 0.30848066782319866 -0.9043814773816243 0.2948454187339254
 outer loop
  vertex 1.477608338925135 -8.121781374185572 19.631657922038123
  vertex 9.2674734847154 -6.883616889336061 15.279378066761103
  vertex 12.238263080257866 -4.137211621150557 20.595271738317706
 endloop
endfacet
facet normal 0.3054820962338842 -0.9001027313120973 0.310637669906685
 outer loop
  vertex 1.477608338925135 -8.121781374185572 19.631657922038123
  vertex 12.238263080257866 -4.137211621150557 20.595271738317706
  vertex 5.2576182336167125 -4.64887815929033 25.977457269189813
 endloop
endfacet
facet normal 0.845085727299949 -0.47716595881826596 -0.24112810134648557
 outer loop
  vertex 9.2674734847154 -6.883616889336061 15.279378066761103
  vertex 12.31555541381218 0.5625044328746674 11.226988151140542
  vertex 14.18947077984515 2.1309134208102813 14.690822299010645
 endloop
endfacet
facet normal 0.8484339716225077 -0.4780815934994748 -0.22715145994217292
 outer loop
  vertex 9.2674734847154 -6.883616889336061 15.279378066761103
  vertex 14.18947077984515 2.1309134208102813 14.690822299010645
  vertex 12.238263080257866 -4.137211621150557 20.595271738317706
 endloop
endfacet
facet normal 0.6848077428210799 0.2397490193366686 -0.6881560601341846
 outer loop
  vertex 14.18947077984515 2.1309134208102813 14.690822299010645
  vertex 9.641942137205817 9.435470963546365 12.71027980788581
  vertex 11.340339667976465 11.478257117205615 15.112106736783284
 endloop
endfacet
facet normal 0.6766517484085808 0.23765685032908132 -0.6968942766785153
 outer loop
  vertex 14.18947077984515 2.1309134208102813 14.690822299010645
  vertex 11.340339667976465 11.478257117205615 15.112106736783284
  vertex 16.64771611529158 5.3782366901862915 18.185074879263432
 endloop
endfacet
facet normal -0.004102335843067366 0.7661234823957974 -0.6426803097671245
 outer loop
  vertex 9.641942137205817 9.435470963546365 12.71027980788581
  vertex 2.0200589729263054 12.275980191558004 16.14503315646442
  vertex 3.676630814461939 14.020827771863278 18.214449116808883
 endloop
endfacet
facet normal -0.007444577066943871 0.7643170405204504 -0.64479767357083
 outer loop
  vertex 9.641942137205817 9.435470963546365 12.71027980788581
  vertex 3.676630814461939 14.020827771863278 18.214449116808883
  vertex 11.340339667976465 11.478257117205615 15.112106736783284
 endloop
endfacet
facet normal -0.6782776677643384 0.728046968404623 -0.09943348132800792
 outer loop
  vertex 2.0200589729263054 12.275980191558004 16.14503315646442
  vertex -2.936745232208457 8.513479720323682 22.408643017067057
  vertex -0.5724813673845297 11.09134109221263 25.155974930929254
 endloop
endfacet
facet normal -0.664231475451602 0.7416432364402894 -0.09360479080560327
 outer loop
  vertex 2.0200589729263054 12.275980191558004 16.14503315646442
  vertex -0.5724813673845297 11.09134109221263 25.155974930929254
  vertex 3.676630814461939 14.020827771863278 18.214449116808883
 endloop
endfacet
facet normal -0.8278477565343275 0.1548597933428697 0.5391535369511028
 outer loop
  vertex -2.936745232208457 8.513479720323682 22.408643017067057
  vertex -1.4958958113529697 0.9812091457054852 26.784483410303537
  vertex 1.7926712614600229 4.8957602986686 30.709573659790042
 endloop
endfacet
facet normal -0.8211597175688534 0.17379017679406208 0.5435933155329724
 outer loop
  vertex -2.936745232208457 8.513479720323682 22.408643017067057
  vertex 1.7926712614600229 4.8957602986686 30.709573659790042
  vertex -0.5724813673845297 11.09134109221263 25.155974930929254
 endloop
endfacet
facet normal -0.3368089120819443 -0.5168324363892977 0.7870476411489203
 outer loop
  vertex -1.4958958113529697 0.9812091457054852 26.784483410303537
  vertex 5.2576182336167125 -4.64887815929033 25.977457269189813
  vertex 8.991080531154399 0.099484095586166 30.693272187790328
 endloop
endfacet
facet normal -0.33778919891828724 -0.5096545945410954 0.7912968162183476
 outer loop
  vertex -1.4958958113529697 0.9812091457054852 26.784483410303537
  vertex 8.991080531154399 0.099484095586166 30.693272187790328
  vertex 1.7926712614600229 4.8957602986686 30.709573659790042
 endloop
endfacet
facet normal 0.4143509184643166 -0.7835959500314523 0.46291543878129915
 outer loop
  vertex 5.2576182336167125 -4.64887815929033 25.977457269189813
  vertex 12.238263080257866 -4.137211621150557 20.595271738317706
  vertex 15.60219744082948 0.3142062900909446 25.119345855835324
 endloop
endfacet
facet normal 0.4145756932781237 -0.7843081530455375 0.4615059215321741
 outer loop
  vertex 5.2576182336167125 -4.64887815929033 25.977457269189813
  vertex 15.60219744082948 0.3142062900909446 25.119345855835324
  vertex 8.991080531154399 0.099484095586166 30.693272187790328
 endloop
endfacet
facet normal 0.8708830602391975 -0.4522876437610952 -0.1923501564580782
 outer loop
  vertex 12.238263080257866 -4.137211621150557 20.595271738317706
  vertex 14.18947077984515 2.1309134208102813 14.690822299010645
  vertex 16.64771611529158 5.3782366901862915 18.185074879263432
 endloop
endfacet
facet normal 0.8686820300249397 -0.4532039118617826 -0.1999943623828615
 outer loop
  vertex 12.238263080257866 -4.137211621150557 20.595271738317706
  vertex 16.64771611529158 5.3782366901862915 18.185074879263432
  vertex 15.60219744082948 0.3142062900909446 25.119345855835324
 endloop
endfacet
facet normal 0.666453100044722 0.22118274978883862 -0.7119820620188599
 outer loop
  vertex 16.64771611529158 5.3782366901862915 18.185074879263432
  vertex 11.340339667976465 11.478257117205615 15.112106736783284
  vertex 13.228653088289539 15.183294814643542 18.030667287202437
 endloop
endfacet
facet normal 0.6534915266940419 0.2164528692514172 -0.7253254303634468
 outer loop
  vertex 16.64771611529158 5.3782366901862915 18.185074879263432
  vertex 13.228653088289539 15.183294814643542 18.030667287202437
  vertex 19.007476216746333 10.241133968921863 21.762326126180884
 endloop
endfacet
facet normal -0.08374146566989306 0.65929800877829 -0.747203789168952
 outer loop
  vertex 11.340339667976465 11.478257117205615 15.112106736783284
  vertex 3.676630814461939 14.020827771863278 18.214449116808883
  vertex 5.284150352965128 16.79802263698462 20.48475746763146
 endloop
endfacet
facet normal -0.10187365549684381 0.6471017926087063 -0.7555666934945644
 outer loop
  vertex 11.340339667976465 11.478257117205615 15.112106736783284
  vertex 5.284150352965128 16.79802263698462 20.48475746763146
  vertex 13.228653088289539 15.183294814643542 18.030667287202437
 endloop
endfacet
facet normal -0.7561416070904954 0.6231359749462753 -0.19987852999849087
 outer loop
  vertex 3.676630814461939 14.020827771863278 18.214449116808883
  vertex -0.5724813673845297 11.09134109221263 25.155974930929254
  vertex 1.156340608794757 13.869394451277385 27.27661670728822
 endloop
endfacet
facet normal -0.766366480464183 0.6095028432212805 -0.20294999809341283
 outer loop
  vertex 3.676630814461939 14.020827771863278 18.214449116808883
  vertex 1.156340608794757 13.869394451277385 27.27661670728822
  vertex 5.284150352965128 16.79802263698462 20.48475746763146
 endloop
endfacet
facet normal -0.8473752082979694 0.13649493820134523 0.5131514281451273
 outer loop
  vertex -0.5724813673845297 11.09134109221263 25.155974930929254
  vertex 1.7926712614600229 4.8957602986686 30.709573659790042
  vertex 3.953548785112499 8.6027270144873 33.2918364700312
 endloop
endfacet
facet normal -0.8475520722531353 0.13581131639801805 0.5130407110139052
 outer loop
  vertex -0.5724813673845297 11.09134109221263 25.155974930929254
  vertex 3.953548785112499 8.6027270144873 33.2918364700312
  vertex 1.156340608794757 13.869394451277385 27.27661670728822
 endloop
endfacet
facet normal -0.2852011429706072 -0.4309490314944415 0.856121043020356
 outer loop
  vertex 1.7926712614600229 4.8957602986686 30.709573659790042
  vertex 8.991080531154399 0.099484095586166 30.693272187790328
  vertex 11.569420072502828 4.963928326954342 34.000833586393156
 endloop
endfacet
facet normal -0.2853085929779956 -0.43027107604134085 0.8564261835646685
 outer loop
  vertex 1.7926712614600229 4.8957602986686 30.709573659790042
  vertex 11.569420072502828 4.963928326954342 34.000833586393156
  vertex 3.953548785112499 8.6027270144873 33.2918364700312
 endloop
endfacet
facet normal 0.5030945447357353 -0.6480774731946215 0.5717442328478861
 outer loop
  vertex 8.991080531154399 0.099484095586166 30.693272187790328
  vertex 15.60219744082948 0.3142062900909446 25.119345855835324
  vertex 18.269048056098313 5.693088018356941 28.869718766848035
 endloop
endfacet
facet normal 0.5044075651960379 -0.6521528829333543 0.5659236922542822
 outer loop
  vertex 8.991080531154399 0.099484095586166 30.693272187790328
  vertex 18.269048056098313 5.693088018356941 28.869718766848035
  vertex 11.569420072502828 4.963928326954342 34.000833586393156
 endloop
endfacet
facet normal 0.9253107681400957 -0.358858990062344 -0.12255695661781332
 outer loop
  vertex 15.60219744082948 0.3142062900909446 25.119345855835324
  vertex 16.64771611529158 5.3782366901862915 18.185074879263432
  vertex 19.007476216746333 10.241133968921863 21.762326126180884
 endloop
endfacet
facet normal 0.922075640987038 -0.3623101013442553 -0.13604375311736577
 outer loop
  vertex 15.60219744082948 0.3142062900909446 25.119345855835324
  vertex 19.007476216746333 10.241133968921863 21.762326126180884
  vertex 18.269048056098313 5.693088018356941 28.869718766848035
 endloop
endfacet
facet normal 0.68079160880431 0.28729069935157103 -0.6737854550580062
 outer loop
  vertex 19.007476216746333 10.241133968921863 21.762326126180884
  vertex 13.228653088289539 15.183294814643542 18.030667287202437
  vertex 14.515286132069726 19.71567489562086 21.26320905054385
 endloop
endfacet
facet normal 0.6711597355811382 0.28210482447284485 -0.6855373639297875
 outer loop
  vertex 19.007476216746333 10.241133968921863 21.762326126180884
  vertex 14.515286132069726 19.71567489562086 21.26320905054385
  vertex 20.472873085318348 15.780659353451265 25.476554328859187
 endloop
endfacet
facet normal -0.11641886499468457 0.6138616354432458 -0.7807820056867941
 outer loop
  vertex 13.228653088289539 15.183294814643542 18.030667287202437
  vertex 5.284150352965128 16.79802263698462 20.48475746763146
  vertex 6.421061170846559 20.199155492733233 22.989255645008885
 endloop
endfacet
facet normal -0.13236490924977884 0.6001813004213474 -0.7888358114486423
 outer loop
  vertex 13.228653088289539 15.183294814643542 18.030667287202437
  vertex 6.421061170846559 20.199155492733233 22.989255645008885
  vertex 14.515286132069726 19.71567489562086 21.26320905054385
 endloop
endfacet
facet normal -0.8178720897457136 0.5024465082520244 -0.28041531905430495
 outer loop
  vertex 5.284150352965128 16.79802263698462 20.48475746763146
  vertex 1.156340608794757 13.869394451277385 27.27661670728822
  vertex 2.2853146895490895 16.867030393955908 29.354945821688116
 endloop
endfacet
facet normal -0.8271840563827136 0.48521570258949465 -0.2834294600545656
 outer loop
  vertex 5.284150352965128 16.79802263698462 20.48475746763146
  vertex 2.2853146895490895 16.867030393955908 29.354945821688116
  vertex 6.421061170846559 20.199155492733233 22.989255645008885
 endloop
endfacet
facet normal -0.8946754470619586 0.033588483482215485 0.44545219519253626
 outer loop
  vertex 1.156340608794757 13.869394451277385 27.27661670728822
  vertex 3.953548785112499 8.6027270144873 33.2918364700312
  vertex 5.222348142448028 12.228457761633159 35.566785041126714
 endloop
endfacet
facet normal -0.895189715988739 0.02878928572152353 0.4447544821760038
 outer loop
  vertex 1.156340608794757 13.869394451277385 27.27661670728822
  vertex 5.222348142448028 12.228457761633159 35.566785041126714
  vertex 2.2853146895490895 16.867030393955908 29.354945821688116
 endloop
endfacet
facet normal -0.2875109460175545 -0.4355447522791344 0.8530171303568284
 outer loop
  vertex 3.953548785112499 8.6027270144873 33.2918364700312
  vertex 11.569420072502828 4.963928326954342 34.000833586393156
  vertex 13.02051543494636 9.776377397541975 36.94713167265966
 endloop
endfacet
facet normal -0.28774996100216815 -0.4347344352364717 0.8533498290636008
 outer loop
  vertex 3.953548785112499 8.6027270144873 33.2918364700312
  vertex 13.02051543494636 9.776377397541975 36.94713167265966
  vertex 5.222348142448028 12.228457761633159 35.566785041126714
 endloop
endfacet
facet normal 0.5449805326494136 -0.5492174453956536 0.6335269660450403
 outer loop
  vertex 11.569420072502828 4.963928326954342 34.000833586393156
  vertex 18.269048056098313 5.693088018356941 28.869718766848035
  vertex 19.807637542169502 11.35725582916692 32.45655654880274
 endloop
endfacet
facet normal 0.5459293336657693 -0.5510155852146855 0.631144189146796
 outer loop
  vertex 11.569420072502828 4.963928326954342 34.000833586393156
  vertex 19.807637542169502 11.35725582916692 32.45655654880274
  vertex 13.02051543494636 9.776377397541975 36.94713167265966
 endloop
endfacet
facet normal 0.9727630707429642 -0.2274891263098852 -0.044505118913268166
 outer loop
  vertex 18.269048056098313 5.693088018356941 28.869718766848035
  vertex 19.007476216746333 10.241133968921863 21.762326126180884
  vertex 20.472873085318348 15.780659353451265 25.476554328859187
 endloop
endfacet
facet normal 0.971682678364343 -0.23020445891870236 -0.05327926107449535
 outer loop
  vertex 18.269048056098313 5.693088018356941 28.869718766848035
  vertex 20.472873085318348 15.780659353451265 25.476554328859187
  vertex 19.807637542169502 11.35725582916692 32.45655654880274
 endloop
endfacet
facet normal 0.6877491326331787 0.3769611479537008 -0.6204042420033394
 outer loop
  vertex 20.472873085318348 15.780659353451265 25.476554328859187
  vertex 14.515286132069726 19.71567489562086 21.26320905054385
  vertex 14.893612236145827 24.51679882526927 24.59979268065374
 endloop
endfacet
facet normal 0.681068001507174 0.37164140158444586 -0.630895431867574
 outer loop
  vertex 20.472873085318348 15.780659353451265 25.476554328859187
  vertex 14.893612236145827 24.51679882526927 24.59979268065374
  vertex 20.829431191774134 21.506903444043402 29.23462512295079
 endloop
endfacet
facet normal -0.1353696045150891 0.5859701971192309 -0.7989455540031987
 outer loop
  vertex 14.515286132069726 19.71567489562086 21.26320905054385
  vertex 6.421061170846559 20.199155492733233 22.989255645008885
  vertex 6.871972962802189 23.865871547196804 25.602132790148723
 endloop
endfacet
facet normal -0.14724332845353386 0.5722582982256633 -0.8067464548033618
 outer loop
  vertex 14.515286132069726 19.71567489562086 21.26320905054385
  vertex 6.871972962802189 23.865871547196804 25.602132790148723
  vertex 14.893612236145827 24.51679882526927 24.59979268065374
 endloop
endfacet
facet normal -0.8540120701618591 0.37889598724746304 -0.3565125732223568
 outer loop
  vertex 6.421061170846559 20.199155492733233 22.989255645008885
  vertex 2.2853146895490895 16.867030393955908 29.354945821688116
  vertex 2.804971356191972 20.044283126711242 31.486862904973947
 endloop
endfacet
facet normal -0.8601382208235204 0.3619017348683901 -0.35942923556355055
 outer loop
  vertex 6.421061170846559 20.199155492733233 22.989255645008885
  vertex 2.804971356191972 20.044283126711242 31.486862904973947
  vertex 6.871972962802189 23.865871547196804 25.602132790148723
 endloop
endfacet
facet normal -0.9249488085895414 -0.09167520305393782 0.368870381887469
 outer loop
  vertex 2.2853146895490895 16.867030393955908 29.354945821688116
  vertex 5.222348142448028 12.228457761633159 35.566785041126714
  vertex 5.7551425778065 15.929767590635365 37.82266122204797
 endloop
endfacet
facet normal -0.9247410865074285 -0.09589304181818668 0.3683184049920886
 outer loop
  vertex 2.2853146895490895 16.867030393955908 29.354945821688116
  vertex 5.7551425778065 15.929767590635365 37.82266122204797
  vertex 2.804971356191972 20.044283126711242 31.486862904973947
 endloop
endfacet
facet normal -0.29464793386416105 -0.4680525912916646 0.8331322625218274
 outer loop
  vertex 5.222348142448028 12.228457761633159 35.566785041126714
  vertex 13.02051543494636 9.776377397541975 36.94713167265966
  vertex 13.500947525244278 14.620639058455664 39.8385423818815
 endloop
endfacet
facet normal -0.29577515630872664 -0.4657459100015795 0.8340250621098559
 outer loop
  vertex 5.222348142448028 12.228457761633159 35.566785041126714
  vertex 13.500947525244278 14.620639058455664 39.8385423818815
  vertex 5.7551425778065 15.929767590635365 37.82266122204797
 endloop
endfacet
facet normal 0.5614442495576742 -0.4638841173351926 0.6852677435300523
 outer loop
  vertex 13.02051543494636 9.776377397541975 36.94713167265966
  vertex 19.807637542169502 11.35725582916692 32.45655654880274
  vertex 20.209637087458503 17.10269801625887 36.01650675463821
 endloop
endfacet
facet normal 0.561840440276478 -0.46435465521643765 0.6846240383223167
 outer loop
  vertex 13.02051543494636 9.776377397541975 36.94713167265966
  vertex 20.209637087458503 17.10269801625887 36.01650675463821
  vertex 13.500947525244278 14.620639058455664 39.8385423818815
 endloop
endfacet
facet normal 0.9953691278106994 -0.08774417458069043 0.03925887451928532
 outer loop
  vertex 19.807637542169502 11.35725582916692 32.45655654880274
  vertex 20.472873085318348 15.780659353451265 25.476554328859187
  vertex 20.829431191774134 21.506903444043402 29.23462512295079
 endloop
endfacet
facet normal 0.9954203724330117 -0.08985780325027067 0.032616826031358355
 outer loop
  vertex 19.807637542169502 11.35725582916692 32.45655654880274
  vertex 20.829431191774134 21.506903444043402 29.23462512295079
  vertex 20.209637087458503 17.10269801625887 36.01650675463821
 endloop
endfacet
facet normal 0.6783942281593842 0.4757388586818248 -0.5598694575882379
 outer loop
  vertex 20.829431191774134 21.506903444043402 29.23462512295079
  vertex 14.893612236145827 24.51679882526927 24.59979268065374
  vertex 14.310483358029128 29.393405255404318 28.037022352754892
 endloop
endfacet
facet normal 0.6743337447967849 0.4710454619753082 -0.5686740484502639
 outer loop
  vertex 20.829431191774134 21.506903444043402 29.23462512295079
  vertex 14.310483358029128 29.393405255404318 28.037022352754892
  vertex 20.062707477087837 27.18491368223558 33.02866722471474
 endloop
endfacet
facet normal -0.14726368397788916 0.5693469712875309 -0.8087999960849258
 outer loop
  vertex 14.893612236145827 24.51679882526927 24.59979268065374
  vertex 6.871972962802189 23.865871547196804 25.602132790148723
  vertex 6.577747880531277 27.66054897391072 28.32693098514678
 endloop
endfacet
facet normal -0.15533692638242552 0.55664472179724 -0.8160987029749124
 outer loop
  vertex 14.893612236145827 24.51679882526927 24.59979268065374
  vertex 6.577747880531277 27.66054897391072 28.32693098514678
  vertex 14.310483358029128 29.393405255404318 28.037022352754892
 endloop
endfacet
facet normal -0.8650527405099198 0.2589283569451626 -0.4296974076090709
 outer loop
  vertex 6.871972962802189 23.865871547196804 25.602132790148723
  vertex 2.804971356191972 20.044283126711242 31.486862904973947
  vertex 2.6874085782077195 23.291220961545772 33.680086008640934
 endloop
endfacet
facet normal -0.8682306026228396 0.24321310406705018 -0.43246156670766817
 outer loop
  vertex 6.871972962802189 23.865871547196804 25.602132790148723
  vertex 2.6874085782077195 23.291220961545772 33.680086008640934
  vertex 6.577747880531277 27.66054897391072 28.32693098514678
 endloop
endfacet
facet normal -0.9310267298296996 -0.2245294245965048 0.2877077785409675
 outer loop
  vertex 2.804971356191972 20.044283126711242 31.486862904973947
  vertex 5.7551425778065 15.929767590635365 37.82266122204797
  vertex 5.56897029416765 19.575614329668902 40.06545250608396
 endloop
endfacet
facet normal -0.930362147752231 -0.22776119586147475 0.2873170925817095
 outer loop
  vertex 2.804971356191972 20.044283126711242 31.486862904973947
  vertex 5.56897029416765 19.575614329668902 40.06545250608396
  vertex 2.6874085782077195 23.291220961545772 33.680086008640934
 endloop
endfacet
facet normal -0.2963696288816992 -0.5147272219172355 0.8045004226809884
 outer loop
  vertex 5.7551425778065 15.929767590635365 37.82266122204797
  vertex 13.500947525244278 14.620639058455664 39.8385423818815
  vertex 13.052558283146348 19.311656656646033 42.67471926716209
 endloop
endfacet
facet normal -0.29900885144608685 -0.5110201354712809 0.805885927349402
 outer loop
  vertex 5.7551425778065 15.929767590635365 37.82266122204797
  vertex 13.052558283146348 19.311656656646033 42.67471926716209
  vertex 5.56897029416765 19.575614329668902 40.06545250608396
 endloop
endfacet
facet normal 0.5604950189239336 -0.3897424868192891 0.7307161745365814
 outer loop
  vertex 13.500947525244278 14.620639058455664 39.8385423818815
  vertex 20.209637087458503 17.10269801625887 36.01650675463821
  vertex 19.502878152067872 22.698113454018667 39.54305520144143
 endloop
endfacet
facet normal 0.5595388078936592 -0.38899054496668845 0.7318488084211531
 outer loop
  vertex 13.500947525244278 14.620639058455664 39.8385423818815
  vertex 19.502878152067872 22.698113454018667 39.54305520144143
  vertex 13.052558283146348 19.311656656646033 42.67471926716209
 endloop
endfacet
facet normal 0.9909941461049023 0.05111896797413246 0.12376370024799412
 outer loop
  vertex 20.209637087458503 17.10269801625887 36.01650675463821
  vertex 20.829431191774134 21.506903444043402 29.23462512295079
  vertex 20.062707477087837 27.18491368223558 33.02866722471474
 endloop
endfacet
facet normal 0.9915715537231713 0.049885027411559646 0.11957147605998561
 outer loop
  vertex 20.209637087458503 17.10269801625887 36.01650675463821
  vertex 20.062707477087837 27.18491368223558 33.02866722471474
  vertex 19.502878152067872 22.698113454018667 39.54305520144143
 endloop
endfacet
facet normal 0.6496612242370298 0.5792265987230601 -0.49237875772067863
 outer loop
  vertex 20.062707477087837 27.18491368223558 33.02866722471474
  vertex 14.310483358029128 29.393405255404318 28.037022352754892
  vertex 12.755307428521947 34.14149294021685 31.570645919091262
 endloop
endfacet
facet normal 0.6476522169725523 0.575705758141033 -0.4991086914628882
 outer loop
  vertex 20.062707477087837 27.18491368223558 33.02866722471474
  vertex 12.755307428521947 34.14149294021685 31.570645919091262
  vertex 18.20955576041175 32.582541100243816 36.84997388552514
 endloop
endfacet
facet normal -0.15704752685676823 0.5653366176210644 -0.8097719327594326
 outer loop
  vertex 14.310483358029128 29.393405255404318 28.037022352754892
  vertex 6.577747880531277 27.66054897391072 28.32693098514678
  vertex 5.506801198500083 31.431021651291093 31.16696001682049
 endloop
endfacet
facet normal -0.1618795624798797 0.5544840229408998 -0.8162980310858273
 outer loop
  vertex 14.310483358029128 29.393405255404318 28.037022352754892
  vertex 5.506801198500083 31.431021651291093 31.16696001682049
  vertex 12.755307428521947 34.14149294021685 31.570645919091262
 endloop
endfacet
facet normal -0.8537210270714415 0.14872346380109935 -0.49904081922332405
 outer loop
  vertex 6.577747880531277 27.66054897391072 28.32693098514678
  vertex 2.6874085782077195 23.291220961545772 33.680086008640934
  vertex 1.922310104133631 26.49216739756585 35.942899896814424
 endloop
endfacet
facet normal -0.8544856491513184 0.13511285404479503 -0.501596244071185
 outer loop
  vertex 6.577747880531277 27.66054897391072 28.32693098514678
  vertex 1.922310104133631 26.49216739756585 35.942899896814424
  vertex 5.506801198500083 31.431021651291093 31.16696001682049
 endloop
endfacet
facet normal -0.9112406794176068 -0.3586383283986624 0.2025314138052461
 outer loop
  vertex 2.6874085782077195 23.291220961545772 33.680086008640934
  vertex 5.56897029416765 19.575614329668902 40.06545250608396
  vertex 4.701029049773625 23.043988166362976 42.30208541801848
 endloop
endfacet
facet normal -0.9105010487638447 -0.36064115932061097 0.2023012466689823
 outer loop
  vertex 2.6874085782077195 23.291220961545772 33.680086008640934
  vertex 4.701029049773625 23.043988166362976 42.30208541801848
  vertex 1.922310104133631 26.49216739756585 35.942899896814424
 endloop
endfacet
facet normal -0.2876411549303515 -0.5736308273384969 0.7669486553331228
 outer loop
  vertex 5.56897029416765 19.575614329668902 40.06545250608396
  vertex 13.052558283146348 19.311656656646033 42.67471926716209
  vertex 11.750525993816456 23.68303324881606 45.45592017922144
 endloop
endfacet
facet normal -0.29234128511756297 -0.5688730422013837 0.7687132331841011
 outer loop
  vertex 5.56897029416765 19.575614329668902 40.06545250608396
  vertex 11.750525993816456 23.68303324881606 45.45592017922144
  vertex 4.701029049773625 23.043988166362976 42.30208541801848
 endloop
endfacet
facet normal 0.5469850248545614 -0.33065422821826507 0.769074225251528
 outer loop
  vertex 13.052558283146348 19.311656656646033 42.67471926716209
  vertex 19.502878152067872 22.698113454018667 39.54305520144143
  vertex 17.762385953866485 27.928088663693874 43.029502278732615
 endloop
endfacet
facet normal 0.5439262280552437 -0.32909884053795974 0.7719055716797006
 outer loop
  vertex 13.052558283146348 19.311656656646033 42.67471926716209
  vertex 17.762385953866485 27.928088663693874 43.029502278732615
  vertex 11.750525993816456 23.68303324881606 45.45592017922144
 endloop
endfacet
facet normal 0.9609035126035363 0.18246899202611877 0.20825346675423662
 outer loop
  vertex 19.502878152067872 22.698113454018667 39.54305520144143
  vertex 20.062707477087837 27.18491368223558 33.02866722471474
  vertex 18.20955576041175 32.582541100243816 36.84997388552514
 endloop
endfacet
facet normal 0.9613025466609916 0.18210478526554064 0.20672508547944382
 outer loop
  vertex 19.502878152067872 22.698113454018667 39.54305520144143
  vertex 18.20955576041175 32.582541100243816 36.84997388552514
  vertex 17.762385953866485 27.928088663693874 43.029502278732615
 endloop
endfacet
facet normal 0.5998094912958972 0.6821214990238189 -0.41825690038641933
 outer loop
  vertex 18.20955576041175 32.582541100243816 36.84997388552514
  vertex 12.755307428521947 34.14149294021685 31.570645919091262
  vertex 10.26245697009163 38.556041502818985 35.195267811251696
 endloop
endfacet
facet normal 0.5991422856947108 0.6800332072893619 -0.4225912427822675
 outer loop
  vertex 18.20955576041175 32.582541100243816 36.84997388552514
  vertex 10.26245697009163 38.556041502818985 35.195267811251696
  vertex 15.356272298538418 37.48204108356448 40.68890793917254
 endloop
endfacet
facet normal -0.16986917054782008 0.573618824663628 -0.8013151121056645
 outer loop
  vertex 12.755307428521947 34.14149294021685 31.570645919091262
  vertex 5.506801198500083 31.431021651291093 31.16696001682049
  vertex 3.6591171558631093 35.01612478029605 34.12503127131886
 endloop
endfacet
facet normal -0.1722191551053701 0.5651774245779779 -0.8067930598128596
 outer loop
  vertex 12.755307428521947 34.14149294021685 31.570645919091262
  vertex 3.6591171558631093 35.01612478029605 34.12503127131886
  vertex 10.26245697009163 38.556041502818985 35.195267811251696
 endloop
endfacet
facet normal -0.8243897983200453 0.05341134760187491 -0.5634968397188991
 outer loop
  vertex 5.506801198500083 31.431021651291093 31.16696001682049
  vertex 1.922310104133631 26.49216739756585 35.942899896814424
  vertex 0.5187024195514454 29.527920409197087 38.28410826279029
 endloop
endfacet
facet normal -0.8234621262690963 0.042432929530029 -0.5657822665053039
 outer loop
  vertex 5.506801198500083 31.431021651291093 31.16696001682049
  vertex 0.5187024195514454 29.527920409197087 38.28410826279029
  vertex 3.6591171558631093 35.01612478029605 34.12503127131886
 endloop
endfacet
facet normal -0.8657549696547732 -0.48729422744925005 0.11407308364684923
 outer loop
  vertex 1.922310104133631 26.49216739756585 35.942899896814424
  vertex 4.701029049773625 23.043988166362976 42.30208541801848
  vertex 3.206009110385552 26.224158219926544 44.54062898137862
 endloop
endfacet
facet normal -0.8653582113469237 -0.4880175717207597 0.11399129680035176
 outer loop
  vertex 1.922310104133631 26.49216739756585 35.942899896814424
  vertex 3.206009110385552 26.224158219926544 44.54062898137862
  vertex 0.5187024195514454 29.527920409197087 38.28410826279029
 endloop
endfacet
facet normal -0.26416278789190123 -0.6412814380298161 0.7203999852384712
 outer loop
  vertex 4.701029049773625 23.043988166362976 42.30208541801848
  vertex 11.750525993816456 23.68303324881606 45.45592017922144
  vertex 9.697440479100829 27.592638525472182 48.18330571622257
 endloop
endfacet
facet normal -0.27128997952426337 -0.6360364581747365 0.7223983464005584
 outer loop
  vertex 4.701029049773625 23.043988166362976 42.30208541801848
  vertex 9.697440479100829 27.592638525472182 48.18330571622257
  vertex 3.206009110385552 26.224158219926544 44.54062898137862
 endloop
endfacet
facet normal 0.5266508663841649 -0.2888616894970032 0.7994984610852891
 outer loop
  vertex 11.750525993816456 23.68303324881606 45.45592017922144
  vertex 17.762385953866485 27.928088663693874 43.029502278732615
  vertex 15.104816303986434 32.602867743847185 46.469128588920796
 endloop
endfacet
facet normal 0.5209296262396539 -0.2872025546411781 0.8038327046801439
 outer loop
  vertex 11.750525993816456 23.68303324881606 45.45592017922144
  vertex 15.104816303986434 32.602867743847185 46.469128588920796
  vertex 9.697440479100829 27.592638525472182 48.18330571622257
 endloop
endfacet
facet normal 0.9081365696913263 0.3002043213708522 0.29183100626824604
 outer loop
  vertex 17.762385953866485 27.928088663693874 43.029502278732615
  vertex 18.20955576041175 32.582541100243816 36.84997388552514
  vertex 15.356272298538418 37.48204108356448 40.68890793917254
 endloop
endfacet
facet normal 0.9076831377310285 0.3003886339251241 0.2930494669630922
 outer loop
  vertex 17.762385953866485 27.928088663693874 43.029502278732615
  vertex 15.356272298538418 37.48204108356448 40.68890793917254
  vertex 15.104816303986434 32.602867743847185 46.469128588920796
 endloop
endfacet
facet normal 0.5286725407925732 0.7786396647025271 -0.33797280536140956
 outer loop
  vertex 15.356272298538418 37.48204108356448 40.68890793917254
  vertex 10.26245697009163 38.556041502818985 35.195267811251696
  vertex 6.911193451227568 42.4412761331392 38.904077427219036
 endloop
endfacet
facet normal 0.5286180617843437 0.777927919636056 -0.3396926502090996
 outer loop
  vertex 15.356272298538418 37.48204108356448 40.68890793917254
  vertex 6.911193451227568 42.4412761331392 38.904077427219036
  vertex 11.633809328406745 41.69093872737773 44.5349076299917
 endloop
endfacet
facet normal -0.1905592358013491 0.592180170152128 -0.7829494388077705
 outer loop
  vertex 10.26245697009163 38.556041502818985 35.195267811251696
  vertex 3.6591171558631093 35.01612478029605 34.12503127131886
  vertex 1.0689611071667597 38.25231347717062 37.20311628032682
 endloop
endfacet
facet normal -0.19127911794678087 0.5863887248582752 -0.787121694782063
 outer loop
  vertex 10.26245697009163 38.556041502818985 35.195267811251696
  vertex 1.0689611071667597 38.25231347717062 37.20311628032682
  vertex 6.911193451227568 42.4412761331392 38.904077427219036
 endloop
endfacet
facet normal -0.7827134214079037 -0.023441964437931905 -0.6219406517114185
 outer loop
  vertex 3.6591171558631093 35.01612478029605 34.12503127131886
  vertex 0.5187024195514454 29.527920409197087 38.28410826279029
  vertex -1.4935675888763793 32.27842507868218 40.712882626209
 endloop
endfacet
facet normal -0.7808759403452541 -0.031584315544804925 -0.623887166722863
 outer loop
  vertex 3.6591171558631093 35.01612478029605 34.12503127131886
  vertex -1.4935675888763793 32.27842507868218 40.712882626209
  vertex 1.0689611071667597 38.25231347717062 37.20311628032682
 endloop
endfacet
facet normal -0.796636868305389 -0.6040119097819594 0.023223111293117694
 outer loop
  vertex 0.5187024195514454 29.527920409197087 38.28410826279029
  vertex 3.206009110385552 26.224158219926544 44.54062898137862
  vertex 1.1532437372779167 29.01807074685128 46.7904508202303
 endloop
endfacet
facet normal -0.79694941701839 -0.6035976103731372 0.023271258364921322
 outer loop
  vertex 0.5187024195514454 29.527920409197087 38.28410826279029
  vertex 1.1532437372779167 29.01807074685128 46.7904508202303
  vertex -1.4935675888763793 32.27842507868218 40.712882626209
 endloop
endfacet
facet normal -0.22281858931130596 -0.7129201389644191 0.6649035657268451
 outer loop
  vertex 3.206009110385552 26.224158219926544 44.54062898137862
  vertex 9.697440479100829 27.592638525472182 48.18330571622257
  vertex 7.016292171923845 30.926363792654683 50.85928805249467
 endloop
endfacet
facet normal -0.23246587468083693 -0.7078866907260314 0.6669752995440096
 outer loop
  vertex 3.206009110385552 26.224158219926544 44.54062898137862
  vertex 7.016292171923845 30.926363792654683 50.85928805249467
  vertex 1.1532437372779167 29.01807074685128 46.7904508202303
 endloop
endfacet
facet normal 0.5056111939802329 -0.2647496782325711 0.8211363640697161
 outer loop
  vertex 9.697440479100829 27.592638525472182 48.18330571622257
  vertex 15.104816303986434 32.602867743847185 46.469128588920796
  vertex 11.680582659380644 36.56632063051831 49.85547689795327
 endloop
endfacet
facet normal 0.4969787438303349 -0.26387307573693225 0.8266699027314067
 outer loop
  vertex 9.697440479100829 27.592638525472182 48.18330571622257
  vertex 11.680582659380644 36.56632063051831 49.85547689795327
  vertex 7.016292171923845 30.926363792654683 50.85928805249467
 endloop
endfacet
facet normal 0.8373163136807364 0.3992810396067326 0.3734649143556455
 outer loop
  vertex 15.104816303986434 32.602867743847185 46.469128588920796
  vertex 15.356272298538418 37.48204108356448 40.68890793917254
  vertex 11.633809328406745 41.69093872737773 44.5349076299917
 endloop
endfacet
facet normal 0.8355017729347746 0.39941752921065565 0.377362458098449
 outer loop
  vertex 15.104816303986434 32.602867743847185 46.469128588920796
  vertex 11.633809328406745 41.69093872737773 44.5349076299917
  vertex 11.680582659380644 36.56632063051831 49.85547689795327
 endloop
endfacet
facet normal 0.43779302226170036 0.8629838006120796 -0.25218292872456044
 outer loop
  vertex 11.633809328406745 41.69093872737773 44.5349076299917
  vertex 6.911193451227568 42.4412761331392 38.904077427219036
  vertex 2.823283155091114 45.62100734986662 42.68862355761321
 endloop
endfacet
facet normal 0.4377294069951884 0.8633022531427923 -0.25120148480894566
 outer loop
  vertex 11.633809328406745 41.69093872737773 44.5349076299917
  vertex 2.823283155091114 45.62100734986662 42.68862355761321
  vertex 7.210606398903486 45.05153288681162 48.37661467691032
 endloop
endfacet
facet normal -0.22310520553257848 0.6174508843631722 -0.7543066171414663
 outer loop
  vertex 6.911193451227568 42.4412761331392 38.904077427219036
  vertex 1.0689611071667597 38.25231347717062 37.20311628032682
  vertex -2.1936709731139397 40.98124584088541 40.40193735302949
 endloop
endfacet
facet normal -0.22302425156323924 0.6142209965014999 -0.7569628462952206
 outer loop
  vertex 6.911193451227568 42.4412761331392 38.904077427219036
  vertex -2.1936709731139397 40.98124584088541 40.40193735302949
  vertex 2.823283155091114 45.62100734986662 42.68862355761321
 endloop
endfacet
facet normal -0.735120662879346 -0.0801711979258842 -0.6731791663672901
 outer loop
  vertex 1.0689611071667597 38.25231347717062 37.20311628032682
  vertex -1.4935675888763793 32.27842507868218 40.712882626209
  vertex -4.062387199959418 34.62608341001744 43.23847741510859
 endloop
endfacet
facet normal -0.7331009704903092 -0.08558311452186092 -0.6747136411655724
 outer loop
  vertex 1.0689611071667597 38.25231347717062 37.20311628032682
  vertex -4.062387199959418 34.62608341001744 43.23847741510859
  vertex -2.1936709731139397 40.98124584088541 40.40193735302949
 endloop
endfacet
facet normal -0.7077620442948896 -0.7030792639622123 -0.06893792310385086
 outer loop
  vertex -1.4935675888763793 32.27842507868218 40.712882626209
  vertex 1.1532437372779167 29.01807074685128 46.7904508202303
  vertex -1.3756840917665374 31.341086989394793 49.06227122223243
 endloop
endfacet
facet normal -0.7090224423022295 -0.7018237675223048 -0.0687791803715295
 outer loop
  vertex -1.4935675888763793 32.27842507868218 40.712882626209
  vertex -1.3756840917665374 31.341086989394793 49.06227122223243
  vertex -4.062387199959418 34.62608341001744 43.23847741510859
 endloop
endfacet
facet normal -0.16204554681256156 -0.7828944235986636 0.6006809155086703
 outer loop
  vertex 1.1532437372779167 29.01807074685128 46.7904508202303
  vertex 7.016292171923845 30.926363792654683 50.85928805249467
  vertex 3.843296112239784 33.599925885461424 53.48788325389286
 endloop
endfacet
facet normal -0.17398327450054027 -0.7787931233878342 0.6026699686875822
 outer loop
  vertex 1.1532437372779167 29.01807074685128 46.7904508202303
  vertex 3.843296112239784 33.599925885461424 53.48788325389286
  vertex -1.3756840917665374 31.341086989394793 49.06227122223243
 endloop
endfacet
facet normal 0.48980065764277936 -0.256781287610786 0.8331618606883345
 outer loop
  vertex 7.016292171923845 30.926363792654683 50.85928805249467
  vertex 11.680582659380644 36.56632063051831 49.85547689795327
  vertex 7.664554870648014 39.70164833756285 53.18273738421619
 endloop
endfacet
facet normal 0.47839900410354047 -0.25761826633949075 0.8395041522952559
 outer loop
  vertex 7.016292171923845 30.926363792654683 50.85928805249467
  vertex 7.664554870648014 39.70164833756285 53.18273738421619
  vertex 3.843296112239784 33.599925885461424 53.48788325389286
 endloop
endfacet
facet normal 0.7543198957386518 0.47614691769193174 0.4519796540390974
 outer loop
  vertex 11.680582659380644 36.56632063051831 49.85547689795327
  vertex 11.633809328406745 41.69093872737773 44.5349076299917
  vertex 7.210606398903486 45.05153288681162 48.37661467691032
 endloop
endfacet
facet normal 0.7509153949334392 0.4754597812536702 0.4583274659696594
 outer loop
  vertex 11.680582659380644 36.56632063051831 49.85547689795327
  vertex 7.210606398903486 45.05153288681162 48.37661467691032
  vertex 7.664554870648014 39.70164833756285 53.18273738421619
 endloop
endfacet
facet normal 0.3304265051992554 0.9298647069308008 -0.1617712937028769
 outer loop
  vertex 7.210606398903486 45.05153288681162 48.37661467691032
  vertex 2.823283155091114 45.62100734986662 42.68862355761321
  vertex -1.841882632938787 47.94857619095699 46.5386866714797
 endloop
endfacet
facet normal 0.32994597734690667 0.9306569916541335 -0.15815566988847599
 outer loop
  vertex 7.210606398903486 45.05153288681162 48.37661467691032
  vertex -1.841882632938787 47.94857619095699 46.5386866714797
  vertex 2.2833061430655155 47.4485203003862 52.20215060099484
 endloop
endfacet
facet normal -0.27016006739017095 0.644602644489902 -0.7151929590707417
 outer loop
  vertex 2.823283155091114 45.62100734986662 42.68862355761321
  vertex -2.1936709731139397 40.98124584088541 40.40193735302949
  vertex -6.023314148981295 43.05821018130181 43.720528978847646
 endloop
endfacet
facet normal -0.2699757833256632 0.6435610948887405 -0.7161998279553689
 outer loop
  vertex 2.823283155091114 45.62100734986662 42.68862355761321
  vertex -6.023314148981295 43.05821018130181 43.720528978847646
  vertex -1.841882632938787 47.94857619095699 46.5386866714797
 endloop
endfacet
facet normal -0.688202606285413 -0.11720780355751632 -0.7159884799961431
 outer loop
  vertex -2.1936709731139397 40.98124584088541 40.40193735302949
  vertex -4.062387199959418 34.62608341001744 43.23847741510859
  vertex -7.112285187823406 36.45996762197784 45.86980774559114
 endloop
endfacet
facet normal -0.6865759132941809 -0.12025424235705369 -0.7170442332795044
 outer loop
  vertex -2.1936709731139397 40.98124584088541 40.40193735302949
  vertex -7.112285187823406 36.45996762197784 45.86980774559114
  vertex -6.023314148981295 43.05821018130181 43.720528978847646
 endloop
endfacet
facet normal -0.6045618987345651 -0.7800932638320541 -0.1611192425575241
 outer loop
  vertex -4.062387199959418 34.62608341001744 43.23847741510859
  vertex -1.3756840917665374 31.341086989394793 49.06227122223243
  vertex -4.288778346256033 33.12245973977548 51.36807222305535
 endloop
endfacet
facet normal -0.6068269515061333 -0.7783849106269054 -0.1608663477366152
 outer loop
  vertex -4.062387199959418 34.62608341001744 43.23847741510859
  vertex -4.288778346256033 33.12245973977548 51.36807222305535
  vertex -7.112285187823406 36.45996762197784 45.86980774559114
 endloop
endfacet
facet normal -0.08209538592249589 -0.8451543026456776 0.528180416457989
 outer loop
  vertex -1.3756840917665374 31.341086989394793 49.06227122223243
  vertex 3.843296112239784 33.599925885461424 53.48788325389286
  vertex 0.3210481349773182 35.55889804274683 56.07501711555402
 endloop
endfacet
facet normal -0.09577923626747759 -0.8425997168373105 0.5299547670185665
 outer loop
  vertex -1.3756840917665374 31.341086989394793 49.06227122223243
  vertex 0.3210481349773182 35.55889804274683 56.07501711555402
  vertex -4.288778346256033 33.12245973977548 51.36807222305535
 endloop
endfacet
facet normal 0.48438148342930615 -0.2615986129187438 0.8348297696116341
 outer loop
  vertex 3.843296112239784 33.599925885461424 53.48788325389286
  vertex 7.664554870648014 39.70164833756285 53.18273738421619
  vertex 3.245900892184596 41.93459479447047 56.44621691485774
 endloop
endfacet
facet normal 0.470758535479353 -0.26495579990563733 0.8415371800281307
 outer loop
  vertex 3.843296112239784 33.599925885461424 53.48788325389286
  vertex 3.245900892184596 41.93459479447047 56.44621691485774
  vertex 0.3210481349773182 35.55889804274683 56.07501711555402
 endloop
endfacet
facet normal 0.665821714564733 0.5290914804723551 0.5260643018734981
 outer loop
  vertex 7.664554870648014 39.70164833756285 53.18273738421619
  vertex 7.210606398903486 45.05153288681162 48.37661467691032
  vertex 2.2833061430655155 47.4485203003862 52.20215060099484
 endloop
endfacet
facet normal 0.6609467930444768 0.5267697374531606 0.5344744900065388
 outer loop
  vertex 7.664554870648014 39.70164833756285 53.18273738421619
  vertex 2.2833061430655155 47.4485203003862 52.20215060099484
  vertex 3.245900892184596 41.93459479447047 56.44621691485774
 endloop
endfacet
facet normal 0.21133983363639064 0.9750551803150013 -0.06784445489074885
 outer loop
  vertex 2.2833061430655155 47.4485203003862 52.20215060099484
  vertex -1.841882632938787 47.94857619095699 46.5386866714797
  vertex -6.89483067804704 49.315400017602556 50.44231378365421
 endloop
endfacet
facet normal 0.21031264951580414 0.9756771736576874 -0.06182752022352086
 outer loop
  vertex 2.2833061430655155 47.4485203003862 52.20215060099484
  vertex -6.89483067804704 49.315400017602556 50.44231378365421
  vertex -2.934311868891482 48.81384439152379 55.99956122433883
 endloop
endfacet
facet normal -0.33266766162598327 0.6680269436786791 -0.6656367097956837
 outer loop
  vertex -1.841882632938787 47.94857619095699 46.5386866714797
  vertex -6.023314148981295 43.05821018130181 43.720528978847646
  vertex -10.28157877414094 44.36067573298867 47.15583983764708
 endloop
endfacet
facet normal -0.3328610846463157 0.6685970795532645 -0.6649672499762103
 outer loop
  vertex -1.841882632938787 47.94857619095699 46.5386866714797
  vertex -10.28157877414094 44.36067573298867 47.15583983764708
  vertex -6.89483067804704 49.315400017602556 50.44231378365421
 endloop
endfacet
facet normal -0.6480114407514408 -0.13709029269820128 -0.7491911800756623
 outer loop
  vertex -6.023314148981295 43.05821018130181 43.720528978847646
  vertex -7.112285187823406 36.45996762197784 45.86980774559114
  vertex -10.54426576374344 37.680679981952764 48.61492129951195
 endloop
endfacet
facet normal -0.6471361766768308 -0.138310429687557 -0.7497232782005216
 outer loop
  vertex -6.023314148981295 43.05821018130181 43.720528978847646
  vertex -10.54426576374344 37.680679981952764 48.61492129951195
  vertex -10.28157877414094 44.36067573298867 47.15583983764708
 endloop
endfacet
facet normal -0.4935350588083829 -0.8324577253566171 -0.25186758668215525
 outer loop
  vertex -7.112285187823406 36.45996762197784 45.86980774559114
  vertex -4.288778346256033 33.12245973977548 51.36807222305535
  vertex -7.485082985845798 34.30558581210553 53.72084006862683
 endloop
endfacet
facet normal -0.4966608136043914 -0.8306979747343665 -0.2515331210835774
 outer loop
  vertex -7.112285187823406 36.45996762197784 45.86980774559114
  vertex -7.485082985845798 34.30558581210553 53.72084006862683
  vertex -10.54426576374344 37.680679981952764 48.61492129951195
 endloop
endfacet
facet normal 0.014902415453501506 -0.8938631714760386 0.44809212076586374
 outer loop
  vertex -4.288778346256033 33.12245973977548 51.36807222305535
  vertex 0.3210481349773182 35.55889804274683 56.07501711555402
  vertex -3.4076574681612 36.7769079727162 58.628735170086415
 endloop
endfacet
facet normal 0.0002752027749610077 -0.8932506412963902 0.44955891281012356
 outer loop
  vertex -4.288778346256033 33.12245973977548 51.36807222305535
  vertex -3.4076574681612 36.7769079727162 58.628735170086415
  vertex -7.485082985845798 34.30558581210553 53.72084006862683
 endloop
endfacet
facet normal 0.49318673873001345 -0.27431346621459674 0.825541617966161
 outer loop
  vertex 0.3210481349773182 35.55889804274683 56.07501711555402
  vertex 3.245900892184596 41.93459479447047 56.44621691485774
  vertex -1.3823737898290105 43.23369047105993 59.642861489676505
 endloop
endfacet
facet normal 0.47823550511080903 -0.28070940986822435 0.8321616602937453
 outer loop
  vertex 0.3210481349773182 35.55889804274683 56.07501711555402
  vertex -1.3823737898290105 43.23369047105993 59.642861489676505
  vertex -3.4076574681612 36.7769079727162 58.628735170086415
 endloop
endfacet
facet normal 0.5786916087856827 0.558475931434828 0.5943236962540192
 outer loop
  vertex 3.245900892184596 41.93459479447047 56.44621691485774
  vertex 2.2833061430655155 47.4485203003862 52.20215060099484
  vertex -2.934311868891482 48.81384439152379 55.99956122433883
 endloop
endfacet
facet normal 0.5728132149403469 0.5538408330679763 0.6042725812216486
 outer loop
  vertex 3.245900892184596 41.93459479447047 56.44621691485774
  vertex -2.934311868891482 48.81384439152379 55.99956122433883
  vertex -1.3823737898290105 43.23369047105993 59.642861489676505
 endloop
endfacet
facet normal 0.08646022874964923 0.9958544015115246 0.02826021646557908
 outer loop
  vertex -2.934311868891482 48.81384439152379 55.99956122433883
  vertex -6.89483067804704 49.315400017602556 50.44231378365421
  vertex -12.125629311281912 49.65762409340227 54.38604487008196
 endloop
endfacet
facet normal 0.08503844732340028 0.9957166736825052 0.03628730118750835
 outer loop
  vertex -2.934311868891482 48.81384439152379 55.99956122433883
  vertex -12.125629311281912 49.65762409340227 54.38604487008196
  vertex -8.223113440726937 49.12858226605316 59.75739715866565
 endloop
endfacet
facet normal -0.40964548679654117 0.6819292626221322 -0.6059398121322447
 outer loop
  vertex -6.89483067804704 49.315400017602556 50.44231378365421
  vertex -10.28157877414094 44.36067573298867 47.15583983764708
  vertex -14.80192880890823 44.79661829573786 50.70243462778301
 endloop
endfacet
facet normal -0.4104371411226021 0.6834438282279579 -0.6036935371893748
 outer loop
  vertex -6.89483067804704 49.315400017602556 50.44231378365421
  vertex -14.80192880890823 44.79661829573786 50.70243462778301
  vertex -12.125629311281912 49.65762409340227 54.38604487008196
 endloop
endfacet
facet normal -0.6193998621320694 -0.14420534652703768 -0.7717179723343173
 outer loop
  vertex -10.28157877414094 44.36067573298867 47.15583983764708
  vertex -10.54426576374344 37.680679981952764 48.61492129951195
  vertex -14.236703825332578 38.20600138514888 51.48040007617516
 endloop
endfacet
facet normal -0.6193903183000428 -0.14421552537855395 -0.7717237302532296
 outer loop
  vertex -10.28157877414094 44.36067573298867 47.15583983764708
  vertex -14.236703825332578 38.20600138514888 51.48040007617516
  vertex -14.80192880890823 44.79661829573786 50.70243462778301
 endloop
endfacet
facet normal -0.38165334303225606 -0.8596638785128631 -0.33958613300976287
 outer loop
  vertex -10.54426576374344 37.680679981952764 48.61492129951195
  vertex -7.485082985845798 34.30558581210553 53.72084006862683
  vertex -10.855580301675882 34.84864231939339 56.134117365016024
 endloop
endfacet
facet normal -0.385313174318689 -0.858189436316136 -0.33918232426211203
 outer loop
  vertex -10.54426576374344 37.680679981952764 48.61492129951195
  vertex -10.855580301675882 34.84864231939339 56.134117365016024
  vertex -14.236703825332578 38.20600138514888 51.48040007617516
 endloop
endfacet
facet normal 0.12505545944467586 -0.9239964942617043 0.3613746126323227
 outer loop
  vertex -7.485082985845798 34.30558581210553 53.72084006862683
  vertex -3.4076574681612 36.7769079727162 58.628735170086415
  vertex -7.2046132136023004 37.25270095262936 61.15924245727578
 endloop
endfacet
facet normal 0.11043870541908701 -0.9254210765346162 0.3624901701437823
 outer loop
  vertex -7.485082985845798 34.30558581210553 53.72084006862683
  vertex -7.2046132136023004 37.25270095262936 61.15924245727578
  vertex -10.855580301675882 34.84864231939339 56.134117365016024
 endloop
endfacet
facet normal 0.5182756635830843 -0.2889880852156744 0.804907586708494
 outer loop
  vertex -3.4076574681612 36.7769079727162 58.628735170086415
  vertex -1.3823737898290105 43.23369047105993 59.642861489676505
  vertex -6.033055244587487 43.60787210017099 62.7717536646117
 endloop
endfacet
facet normal 0.5031059030898611 -0.29852972828368984 0.8110267884644757
 outer loop
  vertex -3.4076574681612 36.7769079727162 58.628735170086415
  vertex -6.033055244587487 43.60787210017099 62.7717536646117
  vertex -7.2046132136023004 37.25270095262936 61.15924245727578
 endloop
endfacet
facet normal 0.499352683574108 0.5667421533716391 0.6553245218966054
 outer loop
  vertex -1.3823737898290105 43.23369047105993 59.642861489676505
  vertex -2.934311868891482 48.81384439152379 55.99956122433883
  vertex -8.223113440726937 49.12858226605316 59.75739715866565
 endloop
endfacet
facet normal 0.4932100280141799 0.5594027347301708 0.6661925011906528
 outer loop
  vertex -1.3823737898290105 43.23369047105993 59.642861489676505
  vertex -8.223113440726937 49.12858226605316 59.75739715866565
  vertex -6.033055244587487 43.60787210017099 62.7717536646117
 endloop
endfacet
facet normal -0.03762846142299298 0.9914442959894908 0.12498922689912656
 outer loop
  vertex -8.223113440726937 49.12858226605316 59.75739715866565
  vertex -12.125629311281912 49.65762409340227 54.38604487008196
  vertex -17.315178528820873 48.96026312835393 58.35534535154195
 endloop
endfacet
facet normal -0.03907153318949234 0.9901425160449052 0.13450358067533677
 outer loop
  vertex -8.223113440726937 49.12858226605316 59.75739715866565
  vertex -17.315178528820873 48.96026312835393 58.35534535154195
  vertex -13.37032468084372 48.421768892998905 63.46537678466845
 endloop
endfacet
facet normal -0.49816904007969487 0.6809964219949184 -0.5367229087119295
 outer loop
  vertex -12.125629311281912 49.65762409340227 54.38604487008196
  vertex -14.80192880890823 44.79661829573786 50.70243462778301
  vertex -19.39688972454624 44.31193920456789 54.35236741404321
 endloop
endfacet
facet normal -0.4995275951166589 0.6828217033959872 -0.5331291617313478
 outer loop
  vertex -12.125629311281912 49.65762409340227 54.38604487008196
  vertex -19.39688972454624 44.31193920456789 54.35236741404321
  vertex -17.315178528820873 48.96026312835393 58.35534535154195
 endloop
endfacet
facet normal -0.6054520565916535 -0.14431443719046042 -0.7826884120691567
 outer loop
  vertex -14.80192880890823 44.79661829573786 50.70243462778301
  vertex -14.236703825332578 38.20600138514888 51.48040007617516
  vertex -18.047887278468927 37.97707984477974 54.47076700497776
 endloop
endfacet
facet normal -0.6061914285000093 -0.14370787015442937 -0.7822275884094064
 outer loop
  vertex -14.80192880890823 44.79661829573786 50.70243462778301
  vertex -18.047887278468927 37.97707984477974 54.47076700497776
  vertex -19.39688972454624 44.31193920456789 54.35236741404321
 endloop
endfacet
facet normal -0.275681378800141 -0.8633806928238323 -0.42257964532368614
 outer loop
  vertex -14.236703825332578 38.20600138514888 51.48040007617516
  vertex -10.855580301675882 34.84864231939339 56.134117365016024
  vertex -14.28399754712017 34.725963354491256 58.62138681746039
 endloop
endfacet
facet normal -0.2794127641486435 -0.8624018823249019 -0.4221273511551705
 outer loop
  vertex -14.236703825332578 38.20600138514888 51.48040007617516
  vertex -14.28399754712017 34.725963354491256 58.62138681746039
  vertex -18.047887278468927 37.97707984477974 54.47076700497776
 endloop
endfacet
facet normal 0.24301236426234113 -0.9319006625497672 0.2692696528666608
 outer loop
  vertex -10.855580301675882 34.84864231939339 56.134117365016024
  vertex -7.2046132136023004 37.25270095262936 61.15924245727578
  vertex -10.939506267563972 37.006746761580146 63.678725475477286
 endloop
endfacet
facet normal 0.22937293179061422 -0.9351287352910667 0.2700413053492163
 outer loop
  vertex -10.855580301675882 34.84864231939339 56.134117365016024
  vertex -10.939506267563972 37.006746761580146 63.678725475477286
  vertex -14.28399754712017 34.725963354491256 58.62138681746039
 endloop
endfacet
facet normal 0.5596497487873664 -0.299256951137671 0.7728113844127967
 outer loop
  vertex -7.2046132136023004 37.25270095262936 61.15924245727578
  vertex -6.033055244587487 43.60787210017099 62.7717536646117
  vertex -10.532883588495213 43.10195364100572 65.83450381863359
 endloop
endfacet
facet normal 0.5454101079061763 -0.31158735069761584 0.7781009812865
 outer loop
  vertex -7.2046132136023004 37.25270095262936 61.15924245727578
  vertex -10.532883588495213 43.10195364100572 65.83450381863359
  vertex -10.939506267563972 37.006746761580146 63.678725475477286
 endloop
endfacet
facet normal 0.4331370799929352 0.558215462872953 0.707663597300814
 outer loop
  vertex -6.033055244587487 43.60787210017099 62.7717536646117
  vertex -8.223113440726937 49.12858226605316 59.75739715866565
  vertex -13.37032468084372 48.421768892998905 63.46537678466845
 endloop
endfacet
facet normal 0.42760271423947677 0.5481770058928288 0.7187891825740046
 outer loop
  vertex -6.033055244587487 43.60787210017099 62.7717536646117
  vertex -13.37032468084372 48.421768892998905 63.46537678466845
  vertex -10.532883588495213 43.10195364100572 65.83450381863359
 endloop
endfacet
facet normal -0.15435199559438811 0.9630635870565899 0.22064448495651126
 outer loop
  vertex -13.37032468084372 48.421768892998905 63.46537678466845
  vertex -17.315178528820873 48.96026312835393 58.35534535154195
  vertex -22.247360623605303 47.25795369804483 62.33523217011317
 endloop
endfacet
facet normal -0.15533437069547595 0.9604651381691 0.2310366889531873
 outer loop
  vertex -13.37032468084372 48.421768892998905 63.46537678466845
  vertex -22.247360623605303 47.25795369804483 62.33523217011317
  vertex -18.180221067410994 46.76595352405725 67.1150599264055
 endloop
endfacet
facet normal -0.5936298453944846 0.6610573917400672 -0.45891909034462713
 outer loop
  vertex -17.315178528820873 48.96026312835393 58.35534535154195
  vertex -19.39688972454624 44.31193920456789 54.35236741404321
  vertex -23.867463404271497 42.89577384611453 58.09529164693625
 endloop
endfacet
facet normal -0.59533111551862 0.6626985177755285 -0.4543253651662795
 outer loop
  vertex -17.315178528820873 48.96026312835393 58.35534535154195
  vertex -23.867463404271497 42.89577384611453 58.09529164693625
  vertex -22.247360623605303 47.25795369804483 62.33523217011317
 endloop
endfacet
facet normal -0.6070936777193959 -0.14388630585840836 -0.7814947200458611
 outer loop
  vertex -19.39688972454624 44.31193920456789 54.35236741404321
  vertex -18.047887278468927 37.97707984477974 54.47076700497776
  vertex -21.82055897149389 36.9642243690226 57.58800004985179
 endloop
endfacet
facet normal -0.6082876300456993 -0.1431435294345649 -0.7807023050525739
 outer loop
  vertex -19.39688972454624 44.31193920456789 54.35236741404321
  vertex -21.82055897149389 36.9642243690226 57.58800004985179
  vertex -23.867463404271497 42.89577384611453 58.09529164693625
 endloop
endfacet
facet normal -0.18142214177992796 -0.8473037513213858 -0.49916165664911727
 outer loop
  vertex -18.047887278468927 37.97707984477974 54.47076700497776
  vertex -14.28399754712017 34.725963354491256 58.62138681746039
  vertex -17.648008112395146 33.92988300457825 61.19535829832713
 endloop
endfacet
facet normal -0.18470211203146972 -0.8468652477018106 -0.4987026990563269
 outer loop
  vertex -18.047887278468927 37.97707984477974 54.47076700497776
  vertex -17.648008112395146 33.92988300457825 61.19535829832713
  vertex -21.82055897149389 36.9642243690226 57.58800004985179
 endloop
endfacet
facet normal 0.3625119064276227 -0.9157347770652147 0.17324819125039134
 outer loop
  vertex -14.28399754712017 34.725963354491256 58.62138681746039
  vertex -10.939506267563972 37.006746761580146 63.678725475477286
  vertex -14.491826728402826 36.077670689491846 66.2009520545623
 endloop
endfacet
facet normal 0.3506967757715276 -0.9202341189950839 0.17372661770954037
 outer loop
  vertex -14.28399754712017 34.725963354491256 58.62138681746039
  vertex -14.491826728402826 36.077670689491846 66.2009520545623
  vertex -17.648008112395146 33.92988300457825 61.19535829832713
 endloop
endfacet
facet normal 0.6152087673538756 -0.299036231179314 0.7294487679151955
 outer loop
  vertex -10.939506267563972 37.006746761580146 63.678725475477286
  vertex -10.532883588495213 43.10195364100572 65.83450381863359
  vertex -14.72868377603038 41.79025949013901 68.83546712460772
 endloop
endfacet
facet normal 0.6029000521908788 -0.31336704513060726 0.7336979092885215
 outer loop
  vertex -10.939506267563972 37.006746761580146 63.678725475477286
  vertex -14.72868377603038 41.79025949013901 68.83546712460772
  vertex -14.491826728402826 36.077670689491846 66.2009520545623
 endloop
endfacet
facet normal 0.38369476471561925 0.5386856789619479 0.7500640418065188
 outer loop
  vertex -10.532883588495213 43.10195364100572 65.83450381863359
  vertex -13.37032468084372 48.421768892998905 63.46537678466845
  vertex -18.180221067410994 46.76595352405725 67.1150599264055
 endloop
endfacet
facet normal 0.379597453828715 0.5263783287987616 0.7608098501056487
 outer loop
  vertex -10.532883588495213 43.10195364100572 65.83450381863359
  vertex -18.180221067410994 46.76595352405725 67.1150599264055
  vertex -14.72868377603038 41.79025949013901 68.83546712460772
 endloop
endfacet
facet normal -0.257810381607897 0.9139401040875696 0.31344424269013565
 outer loop
  vertex -18.180221067410994 46.76595352405725 67.1150599264055
  vertex -22.247360623605303 47.25795369804483 62.33523217011317
  vertex -26.72093144164483 44.63248688246991 66.31101556387048
 endloop
endfacet
facet normal -0.25787831431631164 0.9102046904666191 0.3240774544116633
 outer loop
  vertex -18.180221067410994 46.76595352405725 67.1150599264055
  vertex -26.72093144164483 44.63248688246991 66.31101556387048
  vertex -22.482812372862725 44.2703832324783 70.70042131432369
 endloop
endfacet
facet normal -0.6901943897230547 0.6196241640578326 -0.3737614208428316
 outer loop
  vertex -22.247360623605303 47.25795369804483 62.33523217011317
  vertex -23.867463404271497 42.89577384611453 58.09529164693625
  vertex -28.014059104725565 40.583286858191 61.91881165842867
 endloop
endfacet
facet normal -0.6919183478523002 0.6207916606936515 -0.3686010226770422
 outer loop
  vertex -22.247360623605303 47.25795369804483 62.33523217011317
  vertex -28.014059104725565 40.583286858191 61.91881165842867
  vertex -26.72093144164483 44.63248688246991 66.31101556387048
 endloop
endfacet
facet normal -0.6229793110334767 -0.14931212769120922 -0.7678558891801107
 outer loop
  vertex -23.867463404271497 42.89577384611453 58.09529164693625
  vertex -21.82055897149389 36.9642243690226 57.58800004985179
  vertex -25.388443856807967 35.171913366551316 60.831228723427714
 endloop
endfacet
facet normal -0.6242381089414568 -0.1487411785561826 -0.7669438344148231
 outer loop
  vertex -23.867463404271497 42.89577384611453 58.09529164693625
  vertex -25.388443856807967 35.171913366551316 60.831228723427714
  vertex -28.014059104725565 40.583286858191 61.91881165842867
 endloop
endfacet
facet normal -0.10311575620644417 -0.8167336033476246 -0.5677264851887556
 outer loop
  vertex -21.82055897149389 36.9642243690226 57.58800004985179
  vertex -17.648008112395146 33.92988300457825 61.19535829832713
  vertex -20.821227532364407 32.47324101865817 63.867238891572164
 endloop
endfacet
facet normal -0.10544360600340882 -0.8167070279235483 -0.5673370043398213
 outer loop
  vertex -21.82055897149389 36.9642243690226 57.58800004985179
  vertex -20.821227532364407 32.47324101865817 63.867238891572164
  vertex -25.388443856807967 35.171913366551316 60.831228723427714
 endloop
endfacet
facet normal 0.47700996583206634 -0.8756944663042693 0.07497128904435235
 outer loop
  vertex -17.648008112395146 33.92988300457825 61.19535829832713
  vertex -14.491826728402826 36.077670689491846 66.2009520545623
  vertex -17.751617177935426 34.519425135358766 68.74066458292808
 endloop
endfacet
facet normal 0.46763372524485214 -0.8807147242408239 0.07523478928681696
 outer loop
  vertex -17.648008112395146 33.92988300457825 61.19535829832713
  vertex -17.751617177935426 34.519425135358766 68.74066458292808
  vertex -20.821227532364407 32.47324101865817 63.867238891572164
 endloop
endfacet
facet normal 0.6809510250097439 -0.28322023412696745 0.6753458377152
 outer loop
  vertex -14.491826728402826 36.077670689491846 66.2009520545623
  vertex -14.72868377603038 41.79025949013901 68.83546712460772
  vertex -18.491091999046105 39.769647342228204 71.78171685213717
 endloop
endfacet
facet normal 0.6712665771747505 -0.29844474896778594 0.6784776445702908
 outer loop
  vertex -14.491826728402826 36.077670689491846 66.2009520545623
  vertex -18.491091999046105 39.769647342228204 71.78171685213717
  vertex -17.751617177935426 34.519425135358766 68.74066458292808
 endloop
endfacet
facet normal 0.3526004283982649 0.5147880850287223 0.7814513199207109
 outer loop
  vertex -14.72868377603038 41.79025949013901 68.83546712460772
  vertex -18.180221067410994 46.76595352405725 67.1150599264055
  vertex -22.482812372862725 44.2703832324783 70.70042131432369
 endloop
endfacet
facet normal 0.35055368017614685 0.5010081558142468 0.7912666713078259
 outer loop
  vertex -14.72868377603038 41.79025949013901 68.83546712460772
  vertex -22.482812372862725 44.2703832324783 70.70042131432369
  vertex -18.491091999046105 39.769647342228204 71.78171685213717
 endloop
endfacet
facet normal -0.34339834624137555 0.8489962213366664 0.40160053779190885
 outer loop
  vertex -22.482812372862725 44.2703832324783 70.70042131432369
  vertex -26.72093144164483 44.63248688246991 66.31101556387048
  vertex -30.560259397675864 41.207299331928205 70.2690591106737
 endloop
endfacet
facet normal -0.3422518680466059 0.8445263801539609 0.4118723734880215
 outer loop
  vertex -22.482812372862725 44.2703832324783 70.70042131432369
  vertex -30.560259397675864 41.207299331928205 70.2690591106737
  vertex -26.14007814088265 41.07262003530291 74.21823272804431
 endloop
endfacet
facet normal -0.781433563290988 0.5562516703455977 -0.28274664524991605
 outer loop
  vertex -26.72093144164483 44.63248688246991 66.31101556387048
  vertex -28.014059104725565 40.583286858191 61.91881165842867
  vertex -31.648205461374364 37.45539798297784 65.80904534990914
 endloop
endfacet
facet normal -0.782874157766179 0.5568730022945598 -0.2774896618206507
 outer loop
  vertex -26.72093144164483 44.63248688246991 66.31101556387048
  vertex -31.648205461374364 37.45539798297784 65.80904534990914
  vertex -30.560259397675864 41.207299331928205 70.2690591106737
 endloop
endfacet
facet normal -0.6496562571393609 -0.16611606561488196 -0.7418572641042942
 outer loop
  vertex -28.014059104725565 40.583286858191 61.91881165842867
  vertex -25.388443856807967 35.171913366551316 60.831228723427714
  vertex -28.58467075595788 32.6421742290514 64.19667277530715
 endloop
endfacet
facet normal -0.6505927116737119 -0.16583152456509628 -0.7410998778690105
 outer loop
  vertex -28.014059104725565 40.583286858191 61.91881165842867
  vertex -28.58467075595788 32.6421742290514 64.19667277530715
  vertex -31.648205461374364 37.45539798297784 65.80904534990914
 endloop
endfacet
facet normal -0.04300574893544333 -0.7779678712140521 -0.6268305169000452
 outer loop
  vertex -25.388443856807967 35.171913366551316 60.831228723427714
  vertex -20.821227532364407 32.47324101865817 63.867238891572164
  vertex -23.67655939932443 30.39208372872706 66.64609082194958
 endloop
endfacet
facet normal -0.043979297698259735 -0.7780740313850678 -0.6266311698743978
 outer loop
  vertex -25.388443856807967 35.171913366551316 60.831228723427714
  vertex -23.67655939932443 30.39208372872706 66.64609082194958
  vertex -28.58467075595788 32.6421742290514 64.19667277530715
 endloop
endfacet
facet normal 0.5803509469347174 -0.8140196563931205 -0.023765045710088837
 outer loop
  vertex -20.821227532364407 32.47324101865817 63.867238891572164
  vertex -17.751617177935426 34.519425135358766 68.74066458292808
  vertex -20.61977935024493 32.39949052223063 71.31283774169218
 endloop
endfacet
facet normal 0.5737278281713999 -0.8187050112597126 -0.023632260153495843
 outer loop
  vertex -20.821227532364407 32.47324101865817 63.867238891572164
  vertex -20.61977935024493 32.39949052223063 71.31283774169218
  vertex -23.67655939932443 30.39208372872706 66.64609082194958
 endloop
endfacet
facet normal 0.751396774362452 -0.24828165970907745 0.6113584095518835
 outer loop
  vertex -17.751617177935426 34.519425135358766 68.74066458292808
  vertex -18.491091999046105 39.769647342228204 71.78171685213717
  vertex -21.71614833262577 37.152776350417795 74.68275791968007
 endloop
endfacet
facet normal 0.7446215489543763 -0.26314802964193956 0.6134263308078243
 outer loop
  vertex -17.751617177935426 34.519425135358766 68.74066458292808
  vertex -21.71614833262577 37.152776350417795 74.68275791968007
  vertex -20.61977935024493 32.39949052223063 71.31283774169218
 endloop
endfacet
facet normal 0.33918522313056604 0.4932694839967529 0.8010234706720181
 outer loop
  vertex -18.491091999046105 39.769647342228204 71.78171685213717
  vertex -22.482812372862725 44.2703832324783 70.70042131432369
  vertex -26.14007814088265 41.07262003530291 74.21823272804431
 endloop
endfacet
facet normal 0.3394607049932993 0.47904492376548724 0.8094951456185335
 outer loop
  vertex -18.491091999046105 39.769647342228204 71.78171685213717
  vertex -26.14007814088265 41.07262003530291 74.21823272804431
  vertex -21.71614833262577 37.152776350417795 74.68275791968007
 endloop
endfacet
facet normal -0.4083213360458354 0.7743200389403306 0.48342751661980204
 outer loop
  vertex -26.14007814088265 41.07262003530291 74.21823272804431
  vertex -30.560259397675864 41.207299331928205 70.2690591106737
  vertex -33.62381748551054 37.139195401595636 74.19746243274466
 endloop
endfacet
facet normal -0.40589544640040204 0.7696548946955719 0.4928288036048283
 outer loop
  vertex -26.14007814088265 41.07262003530291 74.21823272804431
  vertex -33.62381748551054 37.139195401595636 74.19746243274466
  vertex -29.049340006099015 37.32925088604586 77.66820609093192
 endloop
endfacet
facet normal -0.861077266169967 0.47262485250059355 -0.18754117010418747
 outer loop
  vertex -30.560259397675864 41.207299331928205 70.2690591106737
  vertex -31.648205461374364 37.45539798297784 65.80904534990914
  vertex -34.60377678865664 33.634960722980054 69.75133536314516
 endloop
endfacet
facet normal -0.8620335713248002 0.4728004938242625 -0.1826412191936542
 outer loop
  vertex -30.560259397675864 41.207299331928205 70.2690591106737
  vertex -34.60377678865664 33.634960722980054 69.75133536314516
  vertex -33.62381748551054 37.139195401595636 74.19746243274466
 endloop
endfacet
facet normal -0.6820158707116828 -0.19827787117311413 -0.7039461896341531
 outer loop
  vertex -31.648205461374364 37.45539798297784 65.80904534990914
  vertex -28.58467075595788 32.6421742290514 64.19667277530715
  vertex -31.251288572741476 29.45530703655723 67.67784925000575
 endloop
endfacet
facet normal -0.6823356216608255 -0.19822482736341193 -0.7036512042407662
 outer loop
  vertex -31.648205461374364 37.45539798297784 65.80904534990914
  vertex -31.251288572741476 29.45530703655723 67.67784925000575
  vertex -34.60377678865664 33.634960722980054 69.75133536314516
 endloop
endfacet
facet normal -0.0011174252132793504 -0.7375503324846907 -0.6752912396978172
 outer loop
  vertex -28.58467075595788 32.6421742290514 64.19667277530715
  vertex -23.67655939932443 30.39208372872706 66.64609082194958
  vertex -26.090844842646018 27.74759881760102 69.53838142792898
 endloop
endfacet
facet normal -0.0005006397149510942 -0.7374073163656566 -0.6754481468849228
 outer loop
  vertex -28.58467075595788 32.6421742290514 64.19667277530715
  vertex -26.090844842646018 27.74759881760102 69.53838142792898
  vertex -31.251288572741476 29.45530703655723 67.67784925000575
 endloop
endfacet
facet normal 0.6674537840710081 -0.7347306854063762 -0.1211456398372174
 outer loop
  vertex -23.67655939932443 30.39208372872706 66.64609082194958
  vertex -20.61977935024493 32.39949052223063 71.31283774169218
  vertex -23.00836498100045 29.79777518588477 73.9319132189987
 endloop
endfacet
facet normal 0.6635821094888555 -0.738240594990194 -0.12107686762897676
 outer loop
  vertex -23.67655939932443 30.39208372872706 66.64609082194958
  vertex -23.00836498100045 29.79777518588477 73.9319132189987
  vertex -26.090844842646018 27.74759881760102 69.53838142792898
 endloop
endfacet
facet normal 0.820225348487233 -0.19267205780149202 0.5386166130389366
 outer loop
  vertex -20.61977935024493 32.39949052223063 71.31283774169218
  vertex -21.71614833262577 37.152776350417795 74.68275791968007
  vertex -24.32501919475405 34.06201152011437 77.55002557282369
 endloop
endfacet
facet normal 0.8162181450365298 -0.2059716068074861 0.5397811009124613
 outer loop
  vertex -20.61977935024493 32.39949052223063 71.31283774169218
  vertex -24.32501919475405 34.06201152011437 77.55002557282369
  vertex -23.00836498100045 29.79777518588477 73.9319132189987
 endloop
endfacet
facet normal 0.34062942068365337 0.4802229359146465 0.8083053442766762
 outer loop
  vertex -21.71614833262577 37.152776350417795 74.68275791968007
  vertex -26.14007814088265 41.07262003530291 74.21823272804431
  vertex -29.049340006099015 37.32925088604586 77.66820609093192
 endloop
endfacet
facet normal 0.3431049222931994 0.4666319348863723 0.8151893336166622
 outer loop
  vertex -21.71614833262577 37.152776350417795 74.68275791968007
  vertex -29.049340006099015 37.32925088604586 77.66820609093192
  vertex -24.32501919475405 34.06201152011437 77.55002557282369
 endloop
endfacet
facet normal -0.4518552853962159 0.6965062575036516 0.5574099338169004
 outer loop
  vertex -29.049340006099015 37.32925088604586 77.66820609093192
  vertex -33.62381748551054 37.139195401595636 74.19746243274466
  vertex -35.809939812181305 32.60853263235592 78.08656434871001
 endloop
endfacet
facet normal -0.44833678203099114 0.6921903107554681 0.5655675941692062
 outer loop
  vertex -29.049340006099015 37.32925088604586 77.66820609093192
  vertex -35.809939812181305 32.60853263235592 78.08656434871001
  vertex -31.144054723678476 33.20697975294814 81.05287399025991
 endloop
endfacet
facet normal -0.9237128100749263 0.37238654894577233 -0.08990496464456973
 outer loop
  vertex -33.62381748551054 37.139195401595636 74.19746243274466
  vertex -34.60377678865664 33.634960722980054 69.75133536314516
  vertex -36.74677183219459 29.28002166058405 73.73099596078609
 endloop
endfacet
facet normal -0.9241393428710534 0.37230918073235353 -0.08574583896762336
 outer loop
  vertex -33.62381748551054 37.139195401595636 74.19746243274466
  vertex -36.74677183219459 29.28002166058405 73.73099596078609
  vertex -35.809939812181305 32.60853263235592 78.08656434871001
 endloop
endfacet
facet normal -0.7139480521972118 -0.24776787071615775 -0.6548963742490781
 outer loop
  vertex -34.60377678865664 33.634960722980054 69.75133536314516
  vertex -31.251288572741476 29.45530703655723 67.67784925000575
  vertex -33.24909716475776 25.727883488626954 71.26600065999828
 endloop
endfacet
facet normal -0.7135120259825516 -0.2477830632009487 -0.6553656554695474
 outer loop
  vertex -34.60377678865664 33.634960722980054 69.75133536314516
  vertex -33.24909716475776 25.727883488626954 71.26600065999828
  vertex -36.74677183219459 29.28002166058405 73.73099596078609
 endloop
endfacet
facet normal 0.02463630917355406 -0.7015170458693861 -0.7122267101316789
 outer loop
  vertex -31.251288572741476 29.45530703655723 67.67784925000575
  vertex -26.090844842646018 27.74759881760102 69.53838142792898
  vertex -27.950736174011467 24.626950610382067 72.5477701845804
 endloop
endfacet
facet normal 0.026875262034893824 -0.7007079003500712 -0.7129419041391454
 outer loop
  vertex -31.251288572741476 29.45530703655723 67.67784925000575
  vertex -27.950736174011467 24.626950610382067 72.5477701845804
  vertex -33.24909716475776 25.727883488626954 71.26600065999828
 endloop
endfacet
facet normal 0.7347991653374388 -0.6431727011237677 -0.21540441766259036
 outer loop
  vertex -26.090844842646018 27.74759881760102 69.53838142792898
  vertex -23.00836498100045 29.79777518588477 73.9319132189987
  vertex -24.841462752855406 26.80624793810583 76.61110593918876
 endloop
endfacet
facet normal 0.7333906474922657 -0.6447895589539993 -0.21537080311588713
 outer loop
  vertex -26.090844842646018 27.74759881760102 69.53838142792898
  vertex -24.841462752855406 26.80624793810583 76.61110593918876
  vertex -27.950736174011467 24.626950610382067 72.5477701845804
 endloop
endfacet
facet normal 0.8809791565267535 -0.11698145047416574 0.45846599220702294
 outer loop
  vertex -23.00836498100045 29.79777518588477 73.9319132189987
  vertex -24.32501919475405 34.06201152011437 77.55002557282369
  vertex -26.262623205039258 30.624720134458226 80.39623322365917
 endloop
endfacet
facet normal 0.8792295927162775 -0.1277189386851992 0.4589588173170827
 outer loop
  vertex -23.00836498100045 29.79777518588477 73.9319132189987
  vertex -26.262623205039258 30.624720134458226 80.39623322365917
  vertex -24.841462752855406 26.80624793810583 76.61110593918876
 endloop
endfacet
facet normal 0.35233400687080874 0.4804120269886849 0.8031594062992626
 outer loop
  vertex -24.32501919475405 34.06201152011437 77.55002557282369
  vertex -29.049340006099015 37.32925088604586 77.66820609093192
  vertex -31.144054723678476 33.20697975294814 81.05287399025991
 endloop
endfacet
facet normal 0.35652538044231435 0.4684015144684839 0.8083870819997643
 outer loop
  vertex -24.32501919475405 34.06201152011437 77.55002557282369
  vertex -31.144054723678476 33.20697975294814 81.05287399025991
  vertex -26.262623205039258 30.624720134458226 80.39623322365917
 endloop
endfacet
facet normal -0.47536713833756034 0.6219516446680603 0.6222557637205572
 outer loop
  vertex -31.144054723678476 33.20697975294814 81.05287399025991
  vertex -35.809939812181305 32.60853263235592 78.08656434871001
  vertex -37.05974758712703 27.8087565839081 81.92921427070624
 endloop
endfacet
facet normal -0.4711478658851211 0.6184151953493731 0.6289533644340356
 outer loop
  vertex -31.144054723678476 33.20697975294814 81.05287399025991
  vertex -37.05974758712703 27.8087565839081 81.92921427070624
  vertex -32.39263021215575 28.874715794520377 84.37724476812369
 endloop
endfacet
facet normal -0.9653724092658438 0.2607409381204744 0.008382995664757972
 outer loop
  vertex -35.809939812181305 32.60853263235592 78.08656434871001
  vertex -36.74677183219459 29.28002166058405 73.73099596078609
  vertex -37.98288528240694 24.57471171105758 77.73399347762795
 endloop
endfacet
facet normal -0.9653769156294373 0.26060405091050554 0.011529935768625117
 outer loop
  vertex -35.809939812181305 32.60853263235592 78.08656434871001
  vertex -37.98288528240694 24.57471171105758 77.73399347762795
  vertex -37.05974758712703 27.8087565839081 81.92921427070624
 endloop
endfacet
facet normal -0.7390968829701992 -0.3143416098760281 -0.5957559482575752
 outer loop
  vertex -36.74677183219459 29.28002166058405 73.73099596078609
  vertex -33.24909716475776 25.727883488626954 71.26600065999828
  vertex -34.46690178487247 21.607882927718215 74.95066921298536
 endloop
endfacet
facet normal -0.7379430480827264 -0.3142347849752241 -0.5972407870348021
 outer loop
  vertex -36.74677183219459 29.28002166058405 73.73099596078609
  vertex -34.46690178487247 21.607882927718215 74.95066921298536
  vertex -37.98288528240694 24.57471171105758 77.73399347762795
 endloop
endfacet
facet normal 0.038110987350657086 -0.6747337453235317 -0.7370766076635709
 outer loop
  vertex -33.24909716475776 25.727883488626954 71.26600065999828
  vertex -27.950736174011467 24.626950610382067 72.5477701845804
  vertex -29.15940438115987 21.142352820022637 75.67514141752243
 endloop
endfacet
facet normal 0.041794637324117444 -0.6728823472489242 -0.7385679082194972
 outer loop
  vertex -33.24909716475776 25.727883488626954 71.26600065999828
  vertex -29.15940438115987 21.142352820022637 75.67514141752243
  vertex -34.46690178487247 21.607882927718215 74.95066921298536
 endloop
endfacet
facet normal 0.7807333698908299 -0.5454368974284806 -0.3048835778826104
 outer loop
  vertex -27.950736174011467 24.626950610382067 72.5477701845804
  vertex -24.841462752855406 26.80624793810583 76.61110593918876
  vertex -26.057046869481315 23.52867505414922 79.36186774468295
 endloop
endfacet
facet normal 0.7812779491317016 -0.5446434318969428 -0.30490703221159476
 outer loop
  vertex -27.950736174011467 24.626950610382067 72.5477701845804
  vertex -26.057046869481315 23.52867505414922 79.36186774468295
  vertex -29.15940438115987 21.142352820022637 75.67514141752243
 endloop
endfacet
facet normal 0.9277630602217185 -0.023859036531250828 0.3724062975619941
 outer loop
  vertex -24.841462752855406 26.80624793810583 76.61110593918876
  vertex -26.262623205039258 30.624720134458226 80.39623322365917
  vertex -27.495967732691085 26.969900315698144 83.23466807460329
 endloop
endfacet
facet normal 0.9275060967981018 -0.03137478189241672 0.37248901119838906
 outer loop
  vertex -24.841462752855406 26.80624793810583 76.61110593918876
  vertex -27.495967732691085 26.969900315698144 83.23466807460329
  vertex -26.057046869481315 23.52867505414922 79.36186774468295
 endloop
endfacet
facet normal 0.3684879266694712 0.4967654474728264 0.7857739739237721
 outer loop
  vertex -26.262623205039258 30.624720134458226 80.39623322365917
  vertex -31.144054723678476 33.20697975294814 81.05287399025991
  vertex -32.39263021215575 28.874715794520377 84.37724476812369
 endloop
endfacet
facet normal 0.37365209585627346 0.4870063386961499 0.7894358348415564
 outer loop
  vertex -26.262623205039258 30.624720134458226 80.39623322365917
  vertex -32.39263021215575 28.874715794520377 84.37724476812369
  vertex -27.495967732691085 26.969900315698144 83.23466807460329
 endloop
endfacet
facet normal -0.4821032053860555 0.5561686067606751 0.6769438530708292
 outer loop
  vertex -32.39263021215575 28.874715794520377 84.37724476812369
  vertex -37.05974758712703 27.8087565839081 81.92921427070624
  vertex -37.357073572008424 22.936053473678072 85.72081778106502
 endloop
endfacet
facet normal -0.4776848432884552 0.5536468892297151 0.6821233851281919
 outer loop
  vertex -32.39263021215575 28.874715794520377 84.37724476812369
  vertex -37.357073572008424 22.936053473678072 85.72081778106502
  vertex -32.79558131470148 24.49691098863355 87.64831628803991
 endloop
endfacet
facet normal -0.9839470832517125 0.1438470072754219 0.10562279989827916
 outer loop
  vertex -37.05974758712703 27.8087565839081 81.92921427070624
  vertex -37.98288528240694 24.57471171105758 77.73399347762795
  vertex -38.26199781233551 19.718517932861232 81.74749229065984
 endloop
endfacet
facet normal -0.9837413434202694 0.14377150359520408 0.10762306444093496
 outer loop
  vertex -37.05974758712703 27.8087565839081 81.92921427070624
  vertex -38.26199781233551 19.718517932861232 81.74749229065984
  vertex -37.357073572008424 22.936053473678072 85.72081778106502
 endloop
endfacet
facet normal -0.7516272524889649 -0.3956391511177544 -0.5277557535628696
 outer loop
  vertex -37.98288528240694 24.57471171105758 77.73399347762795
  vertex -34.46690178487247 21.607882927718215 74.95066921298536
  vertex -34.82892762562595 17.267174254182063 78.72033495216876
 endloop
endfacet
facet normal -0.749943757142886 -0.3952720314666637 -0.5304190628763533
 outer loop
  vertex -37.98288528240694 24.57471171105758 77.73399347762795
  vertex -34.82892762562595 17.267174254182063 78.72033495216876
  vertex -38.26199781233551 19.718517932861232 81.74749229065984
 endloop
endfacet
facet normal 0.044396683927721066 -0.6603939242331087 -0.7496057625793823
 outer loop
  vertex -34.46690178487247 21.607882927718215 74.95066921298536
  vertex -29.15940438115987 21.142352820022637 75.67514141752243
  vertex -29.643034884341542 17.427934225984234 78.91885698423192
 endloop
endfacet
facet normal 0.04916445273460744 -0.6572382826530717 -0.7520775866907267
 outer loop
  vertex -34.46690178487247 21.607882927718215 74.95066921298536
  vertex -29.643034884341542 17.427934225984234 78.91885698423192
  vertex -34.82892762562595 17.267174254182063 78.72033495216876
 endloop
endfacet
facet normal 0.8055752776858258 -0.44767449999091236 -0.3881185566799034
 outer loop
  vertex -29.15940438115987 21.142352820022637 75.67514141752243
  vertex -26.057046869481315 23.52867505414922 79.36186774468295
  vertex -26.609402595602972 20.079742310594906 82.1935672475943
 endloop
endfacet
facet normal 0.8074213681575263 -0.44420012547376303 -0.38827436532910814
 outer loop
  vertex -29.15940438115987 21.142352820022637 75.67514141752243
  vertex -26.609402595602972 20.079742310594906 82.1935672475943
  vertex -29.643034884341542 17.427934225984234 78.91885698423192
 endloop
endfacet
facet normal 0.9558776113490468 0.08233673529411982 0.2819905213703943
 outer loop
  vertex -26.057046869481315 23.52867505414922 79.36186774468295
  vertex -27.495967732691085 26.969900315698144 83.23466807460329
  vertex -28.012417747651646 23.225732933275324 86.07854212202828
 endloop
endfacet
facet normal 0.9562378166549408 0.07831774347276244 0.28191411645450914
 outer loop
  vertex -26.057046869481315 23.52867505414922 79.36186774468295
  vertex -28.012417747651646 23.225732933275324 86.07854212202828
  vertex -26.609402595602972 20.079742310594906 82.1935672475943
 endloop
endfacet
facet normal 0.3827630071486937 0.5301114498706747 0.7566203348275147
 outer loop
  vertex -27.495967732691085 26.969900315698144 83.23466807460329
  vertex -32.39263021215575 28.874715794520377 84.37724476812369
  vertex -32.79558131470148 24.49691098863355 87.64831628803991
 endloop
endfacet
facet normal 0.38804347532330447 0.5229200644638289 0.758931398375477
 outer loop
  vertex -27.495967732691085 26.969900315698144 83.23466807460329
  vertex -32.79558131470148 24.49691098863355 87.64831628803991
  vertex -28.012417747651646 23.225732933275324 86.07854212202828
 endloop
endfacet
facet normal -0.4767524651649122 0.5032597687258289 0.720719565532395
 outer loop
  vertex -32.79558131470148 24.49691098863355 87.64831628803991
  vertex -37.357073572008424 22.936053473678072 85.72081778106502
  vertex -36.726101027616785 18.180073411238677 89.45918048291246
 endloop
endfacet
facet normal -0.472633308273934 0.5017695419873703 0.7244619262900025
 outer loop
  vertex -32.79558131470148 24.49691098863355 87.64831628803991
  vertex -36.726101027616785 18.180073411238677 89.45918048291246
  vertex -32.381954687433556 20.228475941340623 90.87452367741655
 endloop
endfacet
facet normal -0.9793425979377757 0.028166001749959743 0.20023674040972064
 outer loop
  vertex -37.357073572008424 22.936053473678072 85.72081778106502
  vertex -38.26199781233551 19.718517932861232 81.74749229065984
  vertex -37.57970116639218 14.915144897633052 85.76021234130701
 endloop
endfacet
facet normal -0.9791659462645825 0.02816533305759643 0.20109889032398787
 outer loop
  vertex -37.357073572008424 22.936053473678072 85.72081778106502
  vertex -37.57970116639218 14.915144897633052 85.76021234130701
  vertex -36.726101027616785 18.180073411238677 89.45918048291246
 endloop
endfacet
facet normal -0.7468685722324565 -0.4875161919411821 -0.4522336767718876
 outer loop
  vertex -38.26199781233551 19.718517932861232 81.74749229065984
  vertex -34.82892762562595 17.267174254182063 78.72033495216876
  vertex -34.29997678899226 12.892248163673196 82.56301770842842
 endloop
endfacet
facet normal -0.7449318440637508 -0.4868566194344303 -0.45612189139818543
 outer loop
  vertex -38.26199781233551 19.718517932861232 81.74749229065984
  vertex -34.29997678899226 12.892248163673196 82.56301770842842
  vertex -37.57970116639218 14.915144897633052 85.76021234130701
 endloop
endfacet
facet normal 0.04915797525526061 -0.6597668487431042 -0.749860786258621
 outer loop
  vertex -34.82892762562595 17.267174254182063 78.72033495216876
  vertex -29.643034884341542 17.427934225984234 78.91885698423192
  vertex -29.356627245784203 13.634665709604201 82.27514935371929
 endloop
endfacet
facet normal 0.054526135494094234 -0.6552144038313814 -0.7534726176577136
 outer loop
  vertex -34.82892762562595 17.267174254182063 78.72033495216876
  vertex -29.356627245784203 13.634665709604201 82.27514935371929
  vertex -34.29997678899226 12.892248163673196 82.56301770842842
 endloop
endfacet
facet normal 0.81146046217432 -0.355491012418404 -0.4638513322365013
 outer loop
  vertex -29.643034884341542 17.427934225984234 78.91885698423192
  vertex -26.609402595602972 20.079742310594906 82.1935672475943
  vertex -26.472095568757616 16.583341980781995 85.1133780197199
 endloop
endfacet
facet normal 0.8139008652720089 -0.3493252578243456 -0.4642598903151443
 outer loop
  vertex -29.643034884341542 17.427934225984234 78.91885698423192
  vertex -26.472095568757616 16.583341980781995 85.1133780197199
  vertex -29.356627245784203 13.634665709604201 82.27514935371929
 endloop
endfacet
facet normal 0.9622575617890666 0.1960277341272543 0.18876840899020958
 outer loop
  vertex -26.609402595602972 20.079742310594906 82.1935672475943
  vertex -28.012417747651646 23.225732933275324 86.07854212202828
  vertex -27.818492944436578 19.51786360297538 88.94045963161804
 endloop
endfacet
facet normal 0.9623888309448579 0.19540928457700826 0.18874042909162686
 outer loop
  vertex -26.609402595602972 20.079742310594906 82.1935672475943
  vertex -27.818492944436578 19.51786360297538 88.94045963161804
  vertex -26.472095568757616 16.583341980781995 85.1133780197199
 endloop
endfacet
facet normal 0.38903142347957653 0.5791687658462462 0.7163924149609561
 outer loop
  vertex -28.012417747651646 23.225732933275324 86.07854212202828
  vertex -32.79558131470148 24.49691098863355 87.64831628803991
  vertex -32.381954687433556 20.228475941340623 90.87452367741655
 endloop
endfacet
facet normal 0.3936101740636728 0.5745022449480967 0.7176476861407429
 outer loop
  vertex -28.012417747651646 23.225732933275324 86.07854212202828
  vertex -32.381954687433556 20.228475941340623 90.87452367741655
  vertex -27.818492944436578 19.51786360297538 88.94045963161804
 endloop
endfacet
facet normal -0.46488774547584033 0.46557355649138976 0.7530741315450619
 outer loop
  vertex -32.381954687433556 20.228475941340623 90.87452367741655
  vertex -36.726101027616785 18.180073411238677 89.45918048291246
  vertex -35.22732243009078 13.716035664496665 93.14421176600831
 endloop
endfacet
facet normal -0.4614621448721921 0.46494504908795165 0.7555652123930524
 outer loop
  vertex -32.381954687433556 20.228475941340623 90.87452367741655
  vertex -35.22732243009078 13.716035664496665 93.14421176600831
  vertex -31.205578835234682 16.210985976493617 94.06520126990685
 endloop
endfacet
facet normal -0.9534214170164075 -0.08017999403991749 0.29078990720137515
 outer loop
  vertex -36.726101027616785 18.180073411238677 89.45918048291246
  vertex -37.57970116639218 14.915144897633052 85.76021234130701
  vertex -35.976059174203016 10.361712885724636 89.7625949556322
 endloop
endfacet
facet normal -0.9534627101423186 -0.08018931068103846 0.2906519134988875
 outer loop
  vertex -36.726101027616785 18.180073411238677 89.45918048291246
  vertex -35.976059174203016 10.361712885724636 89.7625949556322
  vertex -35.22732243009078 13.716035664496665 93.14421176600831
 endloop
endfacet
facet normal -0.7217910532741677 -0.5845431766992115 -0.3705765103022073
 outer loop
  vertex -37.57970116639218 14.915144897633052 85.76021234130701
  vertex -34.29997678899226 12.892248163673196 82.56301770842842
  vertex -32.88797502780871 8.673891108307973 86.46677726940361
 endloop
endfacet
facet normal -0.7198873152270785 -0.5836812520993563 -0.3756041124946272
 outer loop
  vertex -37.57970116639218 14.915144897633052 85.76021234130701
  vertex -32.88797502780871 8.673891108307973 86.46677726940361
  vertex -35.976059174203016 10.361712885724636 89.7625949556322
 endloop
endfacet
facet normal 0.057966712087629095 -0.6721715132582327 -0.7381228333102068
 outer loop
  vertex -34.29997678899226 12.892248163673196 82.56301770842842
  vertex -29.356627245784203 13.634665709604201 82.27514935371929
  vertex -28.288460338579497 9.92353455593126 85.73857664748138
 endloop
endfacet
facet normal 0.06340817568409214 -0.666326318637186 -0.7429593800120101
 outer loop
  vertex -34.29997678899226 12.892248163673196 82.56301770842842
  vertex -28.288460338579497 9.92353455593126 85.73857664748138
  vertex -32.88797502780871 8.673891108307973 86.46677726940361
 endloop
endfacet
facet normal 0.8020231243718271 -0.27343969740270674 -0.5310269671656694
 outer loop
  vertex -29.356627245784203 13.634665709604201 82.27514935371929
  vertex -26.472095568757616 16.583341980781995 85.1133780197199
  vertex -25.641043480506102 13.169636224453338 88.12634301075856
 endloop
endfacet
facet normal 0.8043770503081552 -0.2648162107033688 -0.5318363803711256
 outer loop
  vertex -29.356627245784203 13.634665709604201 82.27514935371929
  vertex -25.641043480506102 13.169636224453338 88.12634301075856
  vertex -28.288460338579497 9.92353455593126 85.73857664748138
 endloop
endfacet
facet normal 0.9457276628994467 0.31099117454494163 0.09425325979459814
 outer loop
  vertex -26.472095568757616 16.583341980781995 85.1133780197199
  vertex -27.818492944436578 19.51786360297538 88.94045963161804
  vertex -26.939283345180005 15.967815349070321 91.83203958613008
 endloop
endfacet
facet normal 0.9449258958162599 0.31337002891581045 0.09441544573396417
 outer loop
  vertex -26.472095568757616 16.583341980781995 85.1133780197199
  vertex -26.939283345180005 15.967815349070321 91.83203958613008
  vertex -25.641043480506102 13.169636224453338 88.12634301075856
 endloop
endfacet
facet normal 0.38201796434300045 0.6407572304632796 0.6659522854741605
 outer loop
  vertex -27.818492944436578 19.51786360297538 88.94045963161804
  vertex -32.381954687433556 20.228475941340623 90.87452367741655
  vertex -31.205578835234682 16.210985976493617 94.06520126990685
 endloop
endfacet
facet normal 0.38524474897605904 0.6382710729116016 0.6664806980480729
 outer loop
  vertex -27.818492944436578 19.51786360297538 88.94045963161804
  vertex -31.205578835234682 16.210985976493617 94.06520126990685
  vertex -26.939283345180005 15.967815349070321 91.83203958613008
 endloop
endfacet
facet normal -0.45234765308013225 0.4435508449870367 0.773721040598084
 outer loop
  vertex -31.205578835234682 16.210985976493617 94.06520126990685
  vertex -35.22732243009078 13.716035664496665 93.14421176600831
  vertex -32.95204576305217 9.698482903347996 96.7775690549058
 endloop
endfacet
facet normal -0.4498377054597536 0.44349899177844515 0.775212669554753
 outer loop
  vertex -31.205578835234682 16.210985976493617 94.06520126990685
  vertex -32.95204576305217 9.698482903347996 96.7775690549058
  vertex -29.341121345029773 12.569965650247768 97.23012906251512
 endloop
endfacet
facet normal -0.909741174347267 -0.17601131912009843 0.3760199612239468
 outer loop
  vertex -35.22732243009078 13.716035664496665 93.14421176600831
  vertex -35.976059174203016 10.361712885724636 89.7625949556322
  vertex -33.53164998444791 6.239062213669044 93.746815630877
 endloop
endfacet
facet normal -0.9100826997670178 -0.17616111897473902 0.37512229971883015
 outer loop
  vertex -35.22732243009078 13.716035664496665 93.14421176600831
  vertex -33.53164998444791 6.239062213669044 93.746815630877
  vertex -32.95204576305217 9.698482903347996 96.7775690549058
 endloop
endfacet
facet normal -0.6752705744961547 -0.6806399108477383 -0.2841460240454124
 outer loop
  vertex -35.976059174203016 10.361712885724636 89.7625949556322
  vertex -32.88797502780871 8.673891108307973 86.46677726940361
  vertex -30.643480208734537 4.796717919860948 90.42008793482555
 endloop
endfacet
facet normal -0.6736210757327952 -0.6797626303035676 -0.2900989706485822
 outer loop
  vertex -35.976059174203016 10.361712885724636 89.7625949556322
  vertex -30.643480208734537 4.796717919860948 90.42008793482555
  vertex -33.53164998444791 6.239062213669044 93.746815630877
 endloop
endfacet
facet normal 0.07569460120575122 -0.6951685866659065 -0.7148503084291343
 outer loop
  vertex -32.88797502780871 8.673891108307973 86.46677726940361
  vertex -28.288460338579497 9.92353455593126 85.73857664748138
  vertex -26.462387184950973 6.457564693622933 89.30247977475618
 endloop
endfacet
facet normal 0.08072476254753018 -0.6883233653081916 -0.7208983683449773
 outer loop
  vertex -32.88797502780871 8.673891108307973 86.46677726940361
  vertex -26.462387184950973 6.457564693622933 89.30247977475618
  vertex -30.643480208734537 4.796717919860948 90.42008793482555
 endloop
endfacet
facet normal 0.7819464838483692 -0.20461759366739757 -0.5888050074166622
 outer loop
  vertex -28.288460338579497 9.92353455593126 85.73857664748138
  vertex -25.641043480506102 13.169636224453338 88.12634301075856
  vertex -24.13681923876085 9.970951039212181 91.23557289025291
 endloop
endfacet
facet normal 0.7836285733012752 -0.1939819177653688 -0.5901671582576223
 outer loop
  vertex -28.288460338579497 9.92353455593126 85.73857664748138
  vertex -24.13681923876085 9.970951039212181 91.23557289025291
  vertex -26.462387184950973 6.457564693622933 89.30247977475618
 endloop
endfacet
facet normal 0.9070525390957817 0.4210174252319213 -0.00013773517765006487
 outer loop
  vertex -25.641043480506102 13.169636224453338 88.12634301075856
  vertex -26.939283345180005 15.967815349070321 91.83203958613008
  vertex -25.41797646658621 12.691225378379436 94.76370873743338
 endloop
endfacet
facet normal 0.9048269716940829 0.4257793709537823 0.0002802946960356759
 outer loop
  vertex -25.641043480506102 13.169636224453338 88.12634301075856
  vertex -25.41797646658621 12.691225378379436 94.76370873743338
  vertex -24.13681923876085 9.970951039212181 91.23557289025291
 endloop
endfacet
facet normal 0.3578239080589701 0.7102182303366745 0.6062607657756257
 outer loop
  vertex -26.939283345180005 15.967815349070321 91.83203958613008
  vertex -31.205578835234682 16.210985976493617 94.06520126990685
  vertex -29.341121345029773 12.569965650247768 97.23012906251512
 endloop
endfacet
facet normal 0.35929745218662945 0.7093699197930048 0.6063824352214222
 outer loop
  vertex -26.939283345180005 15.967815349070321 91.83203958613008
  vertex -29.341121345029773 12.569965650247768 97.23012906251512
  vertex -25.41797646658621 12.691225378379436 94.76370873743338
 endloop
endfacet
facet normal -0.44463278283872487 0.43579757410539427 0.7825485050966136
 outer loop
  vertex -29.341121345029773 12.569965650247768 97.23012906251512
  vertex -32.95204576305217 9.698482903347996 96.7775690549058
  vertex -30.016324689900163 6.256740794278302 100.36229341889457
 endloop
endfacet
facet normal -0.4430674980064118 0.4360113619707096 0.7833168480524243
 outer loop
  vertex -29.341121345029773 12.569965650247768 97.23012906251512
  vertex -30.016324689900163 6.256740794278302 100.36229341889457
  vertex -26.880474215249926 9.412993612619065 100.37918483889881
 endloop
endfacet
facet normal -0.8531435638799819 -0.2555183889865298 0.4548147010595541
 outer loop
  vertex -32.95204576305217 9.698482903347996 96.7775690549058
  vertex -33.53164998444791 6.239062213669044 93.746815630877
  vertex -30.361779084119078 2.703694108743674 97.70667750452665
 endloop
endfacet
facet normal -0.8537425295006075 -0.25591972488793063 0.453463105153209
 outer loop
  vertex -32.95204576305217 9.698482903347996 96.7775690549058
  vertex -30.361779084119078 2.703694108743674 97.70667750452665
  vertex -30.016324689900163 6.256740794278302 100.36229341889457
 endloop
endfacet
facet normal -0.6081375364816815 -0.7696969435668721 -0.19425589253818407
 outer loop
  vertex -33.53164998444791 6.239062213669044 93.746815630877
  vertex -30.643480208734537 4.796717919860948 90.42008793482555
  vertex -27.656703193074396 1.4293701791668045 94.4120700440066
 endloop
endfacet
facet normal -0.606850517159229 -0.7690310674155139 -0.20080753764072534
 outer loop
  vertex -33.53164998444791 6.239062213669044 93.746815630877
  vertex -27.656703193074396 1.4293701791668045 94.4120700440066
  vertex -30.361779084119078 2.703694108743674 97.70667750452665
 endloop
endfacet
facet normal 0.10602917612609669 -0.7249226513383985 -0.6806210130362768
 outer loop
  vertex -30.643480208734537 4.796717919860948 90.42008793482555
  vertex -26.462387184950973 6.457564693622933 89.30247977475618
  vertex -23.93807433621491 3.393360915989982 92.95937765285058
 endloop
endfacet
facet normal 0.11028147793507054 -0.7175158600593659 -0.687756487564985
 outer loop
  vertex -30.643480208734537 4.796717919860948 90.42008793482555
  vertex -23.93807433621491 3.393360915989982 92.95937765285058
  vertex -27.656703193074396 1.4293701791668045 94.4120700440066
 endloop
endfacet
facet normal 0.7564391628968162 -0.15048233118180712 -0.6365177616045391
 outer loop
  vertex -26.462387184950973 6.457564693622933 89.30247977475618
  vertex -24.13681923876085 9.970951039212181 91.23557289025291
  vertex -22.006095888960616 7.116741236275394 94.44250733112355
 endloop
endfacet
facet normal 0.7570157458442497 -0.1384408715761968 -0.6385618886381312
 outer loop
  vertex -26.462387184950973 6.457564693622933 89.30247977475618
  vertex -22.006095888960616 7.116741236275394 94.44250733112355
  vertex -23.93807433621491 3.393360915989982 92.95937765285058
 endloop
endfacet
facet normal 0.8487900471547283 0.5204726506889696 -0.09307886836372713
 outer loop
  vertex -24.13681923876085 9.970951039212181 91.23557289025291
  vertex -25.41797646658621 12.691225378379436 94.76370873743338
  vertex -23.31558702727225 9.795729815731136 97.744632180754
 endloop
endfacet
facet normal 0.844892121722614 0.5268936453224802 -0.09241422601444095
 outer loop
  vertex -24.13681923876085 9.970951039212181 91.23557289025291
  vertex -23.31558702727225 9.795729815731136 97.744632180754
  vertex -22.006095888960616 7.116741236275394 94.44250733112355
 endloop
endfacet
facet normal 0.31427342926651136 0.7819390758338226 0.538333997942926
 outer loop
  vertex -25.41797646658621 12.691225378379436 94.76370873743338
  vertex -29.341121345029773 12.569965650247768 97.23012906251512
  vertex -26.880474215249926 9.412993612619065 100.37918483889881
 endloop
endfacet
facet normal 0.31386941860250156 0.7821064871837544 0.5383265094449794
 outer loop
  vertex -25.41797646658621 12.691225378379436 94.76370873743338
  vertex -26.880474215249926 9.412993612619065 100.37918483889881
  vertex -23.31558702727225 9.795729815731136 97.744632180754
 endloop
endfacet
facet normal -0.44637610197323674 0.43931856848483675 0.7795816640811996
 outer loop
  vertex -26.880474215249926 9.412993612619065 100.37918483889881
  vertex -30.016324689900163 6.256740794278302 100.36229341889457
  vertex -26.554675478226052 3.491845664001377 103.90248347121256
 endloop
endfacet
facet normal -0.445614879445069 0.4395439544712124 0.7798900507795735
 outer loop
  vertex -26.880474215249926 9.412993612619065 100.37918483889881
  vertex -26.554675478226052 3.491845664001377 103.90248347121256
  vertex -23.929443909156504 6.828239237242299 103.52211014116199
 endloop
endfacet
facet normal -0.7892628603431111 -0.3165398488420202 0.526181205838903
 outer loop
  vertex -30.016324689900163 6.256740794278302 100.36229341889457
  vertex -30.361779084119078 2.703694108743674 97.70667750452665
  vertex -26.60938041867853 -0.11850249434218352 101.63743594807937
 endloop
endfacet
facet normal -0.7899752332318262 -0.31721625494431527 0.5247027524984267
 outer loop
  vertex -30.016324689900163 6.256740794278302 100.36229341889457
  vertex -26.60938041867853 -0.11850249434218352 101.63743594807937
  vertex -26.554675478226052 3.491845664001377 103.90248347121256
 endloop
endfacet
facet normal -0.5230521792245738 -0.8461542501730457 -0.10217339537528877
 outer loop
  vertex -30.361779084119078 2.703694108743674 97.70667750452665
  vertex -27.656703193074396 1.4293701791668045 94.4120700440066
  vertex -24.0523647945758 -1.2841394368746024 98.43259455523095
 endloop
endfacet
facet normal -0.5221124938401324 -0.8458940873252258 -0.10891160087089508
 outer loop
  vertex -30.361779084119078 2.703694108743674 97.70667750452665
  vertex -24.0523647945758 -1.2841394368746024 98.43259455523095
  vertex -26.60938041867853 -0.11850249434218352 101.63743594807937
 endloop
endfacet
facet normal 0.15113770405562724 -0.7566625003327254 -0.6360968912068522
 outer loop
  vertex -27.656703193074396 1.4293701791668045 94.4120700440066
  vertex -23.93807433621491 3.393360915989982 92.95937765285058
  vertex -20.80911352448033 0.8726832287914426 96.70127022833266
 endloop
endfacet
facet normal 0.15441283564137429 -0.7492101400565029 -0.6440813940999269
 outer loop
  vertex -27.656703193074396 1.4293701791668045 94.4120700440066
  vertex -20.80911352448033 0.8726832287914426 96.70127022833266
  vertex -24.0523647945758 -1.2841394368746024 98.43259455523095
 endloop
endfacet
facet normal 0.7307100748778839 -0.11082163506567576 -0.6736329502580224
 outer loop
  vertex -23.93807433621491 3.393360915989982 92.95937765285058
  vertex -22.006095888960616 7.116741236275394 94.44250733112355
  vertex -19.32186096504324 4.727834044244958 97.74718549811907
 endloop
endfacet
facet normal 0.7299377594469457 -0.09807719209309389 -0.6764404864618224
 outer loop
  vertex -23.93807433621491 3.393360915989982 92.95937765285058
  vertex -19.32186096504324 4.727834044244958 97.74718549811907
  vertex -20.80911352448033 0.8726832287914426 96.70127022833266
 endloop
endfacet
facet normal 0.7750089453076059 0.6047784314025888 -0.18331443915692058
 outer loop
  vertex -22.006095888960616 7.116741236275394 94.44250733112355
  vertex -23.31558702727225 9.795729815731136 97.744632180754
  vertex -20.710538627944054 7.3783058147042055 100.78274483365765
 endloop
endfacet
facet normal 0.7694248249985329 0.6121175459566349 -0.1824761590126333
 outer loop
  vertex -22.006095888960616 7.116741236275394 94.44250733112355
  vertex -20.710538627944054 7.3783058147042055 100.78274483365765
  vertex -19.32186096504324 4.727834044244958 97.74718549811907
 endloop
endfacet
facet normal 0.25108716577473256 0.849927170222174 0.4632267700612082
 outer loop
  vertex -23.31558702727225 9.795729815731136 97.744632180754
  vertex -26.880474215249926 9.412993612619065 100.37918483889881
  vertex -23.929443909156504 6.828239237242299 103.52211014116199
 endloop
endfacet
facet normal 0.24893923252124456 0.8505178290825209 0.46330193278734494
 outer loop
  vertex -23.31558702727225 9.795729815731136 97.744632180754
  vertex -23.929443909156504 6.828239237242299 103.52211014116199
  vertex -20.710538627944054 7.3783058147042055 100.78274483365765
 endloop
endfacet
facet normal -0.4609231470389597 0.4498862233363056 0.7649524420353838
 outer loop
  vertex -23.929443909156504 6.828239237242299 103.52211014116199
  vertex -26.554675478226052 3.491845664001377 103.90248347121256
  vertex -22.713633163269396 1.4750253290479645 107.40304749089815
 endloop
endfacet
facet normal -0.46071198160192367 0.44998449747703523 0.7650218441579095
 outer loop
  vertex -23.929443909156504 6.828239237242299 103.52211014116199
  vertex -22.713633163269396 1.4750253290479645 107.40304749089815
  vertex -20.604436853253254 4.883499449759734 106.66839068718869
 endloop
endfacet
facet normal -0.7239711521959162 -0.35870256835093545 0.5892352995591491
 outer loop
  vertex -26.554675478226052 3.491845664001377 103.90248347121256
  vertex -26.60938041867853 -0.11850249434218352 101.63743594807937
  vertex -22.436894346319733 -2.1363767991726266 105.53561186403941
 endloop
endfacet
facet normal -0.7246081119275133 -0.3595452113760933 0.5879373479422487
 outer loop
  vertex -26.554675478226052 3.491845664001377 103.90248347121256
  vertex -22.436894346319733 -2.1363767991726266 105.53561186403941
  vertex -22.713633163269396 1.4750253290479645 107.40304749089815
 endloop
endfacet
facet normal -0.4241983666239533 -0.905523550857784 -0.009101900652067226
 outer loop
  vertex -26.60938041867853 -0.11850249434218352 101.63743594807937
  vertex -24.0523647945758 -1.2841394368746024 98.43259455523095
  vertex -19.98261037601046 -3.2312474731737875 102.47230092238178
 endloop
endfacet
facet normal -0.42349673470910165 -0.9057638655948058 -0.015567127977997681
 outer loop
  vertex -26.60938041867853 -0.11850249434218352 101.63743594807937
  vertex -19.98261037601046 -3.2312474731737875 102.47230092238178
  vertex -22.436894346319733 -2.1363767991726266 105.53561186403941
 endloop
endfacet
facet normal 0.2115047067000044 -0.785213478417491 -0.5819841512921545
 outer loop
  vertex -24.0523647945758 -1.2841394368746024 98.43259455523095
  vertex -20.80911352448033 0.8726832287914426 96.70127022833266
  vertex -17.19890714025373 -0.9851267441410396 100.5198502851489
 endloop
endfacet
facet normal 0.21378569943523038 -0.7782256741612823 -0.5904747876016442
 outer loop
  vertex -24.0523647945758 -1.2841394368746024 98.43259455523095
  vertex -17.19890714025373 -0.9851267441410396 100.5198502851489
  vertex -19.98261037601046 -3.2312474731737875 102.47230092238178
 endloop
endfacet
facet normal 0.7094620074760283 -0.08385762874196448 -0.6997367776884811
 outer loop
  vertex -20.80911352448033 0.8726832287914426 96.70127022833266
  vertex -19.32186096504324 4.727834044244958 97.74718549811907
  vertex -16.18196995277205 2.9106106664509652 101.14849510491194
 endloop
endfacet
facet normal 0.7073049032700822 -0.07114091103580442 -0.7033198024989025
 outer loop
  vertex -20.80911352448033 0.8726832287914426 96.70127022833266
  vertex -16.18196995277205 2.9106106664509652 101.14849510491194
  vertex -17.19890714025373 -0.9851267441410396 100.5198502851489
 endloop
endfacet
facet normal 0.6908562488614156 0.6708166099480417 -0.269671502437597
 outer loop
  vertex -19.32186096504324 4.727834044244958 97.74718549811907
  vertex -20.710538627944054 7.3783058147042055 100.78274483365765
  vertex -17.697573257477316 5.522395029865548 103.88485301037201
 endloop
endfacet
facet normal 0.6837749306446572 0.6783880984014665 -0.26877766307700557
 outer loop
  vertex -19.32186096504324 4.727834044244958 97.74718549811907
  vertex -17.697573257477316 5.522395029865548 103.88485301037201
  vertex -16.18196995277205 2.9106106664509652 101.14849510491194
 endloop
endfacet
facet normal 0.1698536929753607 0.9084198457710532 0.3819988308776975
 outer loop
  vertex -20.710538627944054 7.3783058147042055 100.78274483365765
  vertex -23.929443909156504 6.828239237242299 103.52211014116199
  vertex -20.604436853253254 4.883499449759734 106.66839068718869
 endloop
endfacet
facet normal 0.16629310349232676 0.9089558753855684 0.38229023049634037
 outer loop
  vertex -20.710538627944054 7.3783058147042055 100.78274483365765
  vertex -20.604436853253254 4.883499449759734 106.66839068718869
  vertex -17.697573257477316 5.522395029865548 103.88485301037201
 endloop
endfacet
facet normal -0.49005384278035763 0.46250578187230257 0.7388745718394257
 outer loop
  vertex -20.604436853253254 4.883499449759734 106.66839068718869
  vertex -22.713633163269396 1.4750253290479645 107.40304749089815
  vertex -18.645691173545668 0.2473892683640061 110.86953487318362
 endloop
endfacet
facet normal -0.49009882543242034 0.462476403783514 0.7388631248433163
 outer loop
  vertex -20.604436853253254 4.883499449759734 106.66839068718869
  vertex -18.645691173545668 0.2473892683640061 110.86953487318362
  vertex -17.02937669968392 3.625472119294706 109.82721761912464
 endloop
endfacet
facet normal -0.6628501030228966 -0.38336925900337065 0.6431623062444982
 outer loop
  vertex -22.713633163269396 1.4750253290479645 107.40304749089815
  vertex -22.436894346319733 -2.1363767991726266 105.53561186403941
  vertex -18.01793588317817 -3.295669190455876 109.39882023836263
 endloop
endfacet
facet normal -0.6632525817097328 -0.3841288295934969 0.6422935895137865
 outer loop
  vertex -22.713633163269396 1.4750253290479645 107.40304749089815
  vertex -18.01793588317817 -3.295669190455876 109.39882023836263
  vertex -18.645691173545668 0.2473892683640061 110.86953487318362
 endloop
endfacet
facet normal -0.3168823188735516 -0.944756713462748 0.08378751907287685
 outer loop
  vertex -22.436894346319733 -2.1363767991726266 105.53561186403941
  vertex -19.98261037601046 -3.2312474731737875 102.47230092238178
  vertex -15.618823366102406 -4.335707972452211 106.52255183179308
 endloop
endfacet
facet normal -0.31627683436553194 -0.9454499631333201 0.07805979281884645
 outer loop
  vertex -22.436894346319733 -2.1363767991726266 105.53561186403941
  vertex -15.618823366102406 -4.335707972452211 106.52255183179308
  vertex -18.01793588317817 -3.295669190455876 109.39882023836263
 endloop
endfacet
facet normal 0.28592476609607603 -0.8055201361071327 -0.5190224835773981
 outer loop
  vertex -19.98261037601046 -3.2312474731737875 102.47230092238178
  vertex -17.19890714025373 -0.9851267441410396 100.5198502851489
  vertex -13.25493428065316 -2.0895566618569195 104.4066184288049
 endloop
endfacet
facet normal 0.2873536650427785 -0.7994214474761125 -0.5275919071609037
 outer loop
  vertex -19.98261037601046 -3.2312474731737875 102.47230092238178
  vertex -13.25493428065316 -2.0895566618569195 104.4066184288049
  vertex -15.618823366102406 -4.335707972452211 106.52255183179308
 endloop
endfacet
facet normal 0.6964706803631996 -0.06650922354372994 -0.7144964062736999
 outer loop
  vertex -17.19890714025373 -0.9851267441410396 100.5198502851489
  vertex -16.18196995277205 2.9106106664509652 101.14849510491194
  vertex -12.706325322723373 1.7513869913150055 104.6443610390237
 endloop
endfacet
facet normal 0.6930944917903231 -0.0545054783112809 -0.718783123260398
 outer loop
  vertex -17.19890714025373 -0.9851267441410396 100.5198502851489
  vertex -12.706325322723373 1.7513869913150055 104.6443610390237
  vertex -13.25493428065316 -2.0895566618569195 104.4066184288049
 endloop
endfacet
facet normal 0.6020743659993094 0.7171416576120542 -0.3510189463888877
 outer loop
  vertex -16.18196995277205 2.9106106664509652 101.14849510491194
  vertex -17.697573257477316 5.522395029865548 103.88485301037201
  vertex -14.386110227217484 4.294814075253159 107.05675462788929
 endloop
endfacet
facet normal 0.5938424231016729 0.724365072124589 -0.3502091072640353
 outer loop
  vertex -16.18196995277205 2.9106106664509652 101.14849510491194
  vertex -14.386110227217484 4.294814075253159 107.05675462788929
  vertex -12.706325322723373 1.7513869913150055 104.6443610390237
 endloop
endfacet
facet normal 0.07384954202405292 0.9524140614930966 0.29572571855194035
 outer loop
  vertex -17.697573257477316 5.522395029865548 103.88485301037201
  vertex -20.604436853253254 4.883499449759734 106.66839068718869
  vertex -17.02937669968392 3.625472119294706 109.82721761912464
 endloop
endfacet
facet normal 0.06932740940439304 0.9525795020566044 0.29628702733475804
 outer loop
  vertex -17.697573257477316 5.522395029865548 103.88485301037201
  vertex -17.02937669968392 3.625472119294706 109.82721761912464
  vertex -14.386110227217484 4.294814075253159 107.05675462788929
 endloop
endfacet
facet normal -0.5338417207810859 0.47192173022057665 0.7016429987530028
 outer loop
  vertex -17.02937669968392 3.625472119294706 109.82721761912464
  vertex -18.645691173545668 0.2473892683640061 110.86953487318362
  vertex -14.503678295180007 -0.1794356842723966 114.30804599197401
 endloop
endfacet
facet normal -0.5338786077088269 0.4718896230988873 0.7016365268730487
 outer loop
  vertex -17.02937669968392 3.625472119294706 109.82721761912464
  vertex -14.503678295180007 -0.1794356842723966 114.30804599197401
  vertex -13.332662240963135 3.079144885752524 113.00750090709485
 endloop
endfacet
facet normal -0.610707197423587 -0.3934551753468889 0.687189743817366
 outer loop
  vertex -18.645691173545668 0.2473892683640061 110.86953487318362
  vertex -18.01793588317817 -3.295669190455876 109.39882023836263
  vertex -13.529076994835282 -3.57937634054246 113.22564159084234
 endloop
endfacet
facet normal -0.6108174496307471 -0.39377615322160187 0.6869078427129706
 outer loop
  vertex -18.645691173545668 0.2473892683640061 110.86953487318362
  vertex -13.529076994835282 -3.57937634054246 113.22564159084234
  vertex -14.503678295180007 -0.1794356842723966 114.30804599197401
 endloop
endfacet
facet normal -0.2070648169549065 -0.962490756273709 0.17531601657320117
 outer loop
  vertex -18.01793588317817 -3.295669190455876 109.39882023836263
  vertex -15.618823366102406 -4.335707972452211 106.52255183179308
  vertex -11.142752997332016 -4.560452422736089 110.575360294778
 endloop
endfacet
facet normal -0.20645821948665208 -0.9634416054272209 0.1707491626281682
 outer loop
  vertex -18.01793588317817 -3.295669190455876 109.39882023836263
  vertex -11.142752997332016 -4.560452422736089 110.575360294778
  vertex -13.529076994835282 -3.57937634054246 113.22564159084234
 endloop
endfacet
facet normal 0.37162751391405635 -0.81313520293931 -0.448000148038932
 outer loop
  vertex -15.618823366102406 -4.335707972452211 106.52255183179308
  vertex -13.25493428065316 -2.0895566618569195 104.4066184288049
  vertex -9.141656944928638 -2.3838936306565204 108.3529179756035
 endloop
endfacet
facet normal 0.37244907498148616 -0.8082051190698978 -0.45616463262143403
 outer loop
  vertex -15.618823366102406 -4.335707972452211 106.52255183179308
  vertex -9.141656944928638 -2.3838936306565204 108.3529179756035
  vertex -11.142752997332016 -4.560452422736089 110.575360294778
 endloop
endfacet
facet normal 0.6942540023906444 -0.05474152240482819 -0.7176452785947753
 outer loop
  vertex -13.25493428065316 -2.0895566618569195 104.4066184288049
  vertex -12.706325322723373 1.7513869913150055 104.6443610390237
  vertex -9.032654980005349 1.3113068715522556 108.23185902921874
 endloop
endfacet
facet normal 0.6899951408125643 -0.04402271795197193 -0.7224740174976334
 outer loop
  vertex -13.25493428065316 -2.0895566618569195 104.4066184288049
  vertex -9.032654980005349 1.3113068715522556 108.23185902921874
  vertex -9.141656944928638 -2.3838936306565204 108.3529179756035
 endloop
endfacet
facet normal 0.5144896309657649 0.7440619123187691 -0.4262303253702716
 outer loop
  vertex -12.706325322723373 1.7513869913150055 104.6443610390237
  vertex -14.386110227217484 4.294814075253159 107.05675462788929
  vertex -10.897827805384262 3.742587737373574 110.30334331140388
 endloop
endfacet
facet normal 0.5055593004789037 0.750493711374721 -0.42563949873840273
 outer loop
  vertex -12.706325322723373 1.7513869913150055 104.6443610390237
  vertex -10.897827805384262 3.742587737373574 110.30334331140388
  vertex -9.032654980005349 1.3113068715522556 108.23185902921874
 endloop
endfacet
facet normal -0.03226404269661004 0.9781188144165753 0.2055300864427998
 outer loop
  vertex -14.386110227217484 4.294814075253159 107.05675462788929
  vertex -17.02937669968392 3.625472119294706 109.82721761912464
  vertex -13.332662240963135 3.079144885752524 113.00750090709485
 endloop
endfacet
facet normal -0.03725586334673505 0.9777702904959971 0.2063425784215725
 outer loop
  vertex -14.386110227217484 4.294814075253159 107.05675462788929
  vertex -13.332662240963135 3.079144885752524 113.00750090709485
  vertex -10.897827805384262 3.742587737373574 110.30334331140388
 endloop
endfacet
facet normal -0.5906768918550898 0.4731423171927195 0.653633809644142
 outer loop
  vertex -13.332662240963135 3.079144885752524 113.00750090709485
  vertex -14.503678295180007 -0.1794356842723966 114.30804599197401
  vertex -10.435624288673317 0.17843777322398363 117.72521993029345
 endloop
endfacet
facet normal -0.5905247443726719 0.4733147824788596 0.6536464204526636
 outer loop
  vertex -13.332662240963135 3.079144885752524 113.00750090709485
  vertex -10.435624288673317 0.17843777322398363 117.72521993029345
  vertex -9.644032368180806 3.247641769301736 116.21791418446197
 endloop
endfacet
facet normal -0.5711439151025431 -0.3931259466121046 0.7205876895574026
 outer loop
  vertex -14.503678295180007 -0.1794356842723966 114.30804599197401
  vertex -13.529076994835282 -3.57937634054246 113.22564159084234
  vertex -9.1420479811053 -3.0061581520987346 117.01556460658914
 endloop
endfacet
facet normal -0.5710518308747959 -0.3926142440603674 0.7209395687680418
 outer loop
  vertex -14.503678295180007 -0.1794356842723966 114.30804599197401
  vertex -9.1420479811053 -3.0061581520987346 117.01556460658914
  vertex -10.435624288673317 0.17843777322398363 117.72521993029345
 endloop
endfacet
facet normal -0.10081080150680126 -0.9591601422330371 0.2642896211565186
 outer loop
  vertex -13.529076994835282 -3.57937634054246 113.22564159084234
  vertex -11.142752997332016 -4.560452422736089 110.575360294778
  vertex -6.7373927892233185 -3.908080320980165 114.62333314642888
 endloop
endfacet
facet normal -0.10022284623841099 -0.9600620973303889 0.26122050141871783
 outer loop
  vertex -13.529076994835282 -3.57937634054246 113.22564159084234
  vertex -6.7373927892233185 -3.908080320980165 114.62333314642888
  vertex -9.1420479811053 -3.0061581520987346 117.01556460658914
 endloop
endfacet
facet normal 0.46455778972623174 -0.8046546983219475 -0.36975245296426906
 outer loop
  vertex -11.142752997332016 -4.560452422736089 110.575360294778
  vertex -9.141656944928638 -2.3838936306565204 108.3529179756035
  vertex -5.032413118541193 -1.8481629443932124 112.34992463194209
 endloop
endfacet
facet normal 0.46504274240520643 -0.8009978861607145 -0.37701145089017085
 outer loop
  vertex -11.142752997332016 -4.560452422736089 110.575360294778
  vertex -5.032413118541193 -1.8481629443932124 112.34992463194209
  vertex -6.7373927892233185 -3.908080320980165 114.62333314642888
 endloop
endfacet
facet normal 0.7038501934435856 -0.043989504631020804 -0.7089850694279425
 outer loop
  vertex -9.141656944928638 -2.3838936306565204 108.3529179756035
  vertex -9.032654980005349 1.3113068715522556 108.23185902921874
  vertex -5.310993436329639 1.6224341784353415 111.9072620436197
 endloop
endfacet
facet normal 0.6991616301591993 -0.034961239918802726 -0.7141083437521725
 outer loop
  vertex -9.141656944928638 -2.3838936306565204 108.3529179756035
  vertex -5.310993436329639 1.6224341784353415 111.9072620436197
  vertex -5.032413118541193 -1.8481629443932124 112.34992463194209
 endloop
endfacet
facet normal 0.4334580453700986 0.7535857556013268 -0.49418886254013333
 outer loop
  vertex -9.032654980005349 1.3113068715522556 108.23185902921874
  vertex -10.897827805384262 3.742587737373574 110.30334331140388
  vertex -7.363357081291088 3.89028062673612 113.62867933913968
 endloop
endfacet
facet normal 0.4243374404382013 0.7589322311413264 -0.4939226712524993
 outer loop
  vertex -9.032654980005349 1.3113068715522556 108.23185902921874
  vertex -7.363357081291088 3.89028062673612 113.62867933913968
  vertex -5.310993436329639 1.6224341784353415 111.9072620436197
 endloop
endfacet
facet normal -0.1429013293363962 0.9833133762509927 0.11257892413664494
 outer loop
  vertex -10.897827805384262 3.742587737373574 110.30334331140388
  vertex -13.332662240963135 3.079144885752524 113.00750090709485
  vertex -9.644032368180806 3.247641769301736 116.21791418446197
 endloop
endfacet
facet normal -0.14790109113527314 0.9824600329715902 0.11356738464214763
 outer loop
  vertex -10.897827805384262 3.742587737373574 110.30334331140388
  vertex -9.644032368180806 3.247641769301736 116.21791418446197
  vertex -7.363357081291088 3.89028062673612 113.62867933913968
 endloop
endfacet
facet normal -0.6574266554332884 0.46192805827342226 0.5953256770084304
 outer loop
  vertex -9.644032368180806 3.247641769301736 116.21791418446197
  vertex -10.435624288673317 0.17843777322398363 117.72521993029345
  vertex -6.580377250114605 1.2795175038493665 121.12826908926337
 endloop
endfacet
facet normal -0.6570131824522757 0.46253492674709623 0.5953109436445722
 outer loop
  vertex -9.644032368180806 3.247641769301736 116.21791418446197
  vertex -6.580377250114605 1.2795175038493665 121.12826908926337
  vertex -6.091469479385246 4.112241174040264 119.46692757442561
 endloop
endfacet
facet normal -0.5462514334121299 -0.38738079655140983 0.7426610868750217
 outer loop
  vertex -10.435624288673317 0.17843777322398363 117.72521993029345
  vertex -9.1420479811053 -3.0061581520987346 117.01556460658914
  vertex -5.016852933197318 -1.6273235145053975 120.76899644449158
 endloop
endfacet
facet normal -0.546202364427684 -0.38569255655744605 0.7435753014387909
 outer loop
  vertex -10.435624288673317 0.17843777322398363 117.72521993029345
  vertex -5.016852933197318 -1.6273235145053975 120.76899644449158
  vertex -6.580377250114605 1.2795175038493665 121.12826908926337
 endloop
endfacet
facet normal -0.003770861394026612 -0.936944589336269 0.3494576041780135
 outer loop
  vertex -9.1420479811053 -3.0061581520987346 117.01556460658914
  vertex -6.7373927892233185 -3.908080320980165 114.62333314642888
  vertex -2.5782622293558166 -2.4193713054522012 118.65964926944977
 endloop
endfacet
facet normal -0.0033842844552680845 -0.9374529059994293 0.3480956702574035
 outer loop
  vertex -9.1420479811053 -3.0061581520987346 117.01556460658914
  vertex -2.5782622293558166 -2.4193713054522012 118.65964926944977
  vertex -5.016852933197318 -1.6273235145053975 120.76899644449158
 endloop
endfacet
facet normal 0.5597368708192602 -0.778046688443671 -0.2851981522508523
 outer loop
  vertex -6.7373927892233185 -3.908080320980165 114.62333314642888
  vertex -5.032413118541193 -1.8481629443932124 112.34992463194209
  vertex -1.10091367676773 -0.5001977275775786 116.38860900978537
 endloop
endfacet
facet normal 0.5601010984654082 -0.7756028695840442 -0.29107893807494706
 outer loop
  vertex -6.7373927892233185 -3.908080320980165 114.62333314642888
  vertex -1.10091367676773 -0.5001977275775786 116.38860900978537
  vertex -2.5782622293558166 -2.4193713054522012 118.65964926944977
 endloop
endfacet
facet normal 0.7247334894762115 -0.029628587108198563 -0.688391978495977
 outer loop
  vertex -5.032413118541193 -1.8481629443932124 112.34992463194209
  vertex -5.310993436329639 1.6224341784353415 111.9072620436197
  vertex -1.6972808679503646 2.6850203709723557 115.66601530180445
 endloop
endfacet
facet normal 0.7201127547970414 -0.022498142621244503 -0.6934922162196272
 outer loop
  vertex -5.032413118541193 -1.8481629443932124 112.34992463194209
  vertex -1.6972808679503646 2.6850203709723557 115.66601530180445
  vertex -1.10091367676773 -0.5001977275775786 116.38860900978537
 endloop
endfacet
facet normal 0.3633924688338836 0.7491972620690307 -0.5537593124301236
 outer loop
  vertex -5.310993436329639 1.6224341784353415 111.9072620436197
  vertex -7.363357081291088 3.89028062673612 113.62867933913968
  vertex -3.9182871442694727 4.7377487953812345 117.03599594584206
 endloop
endfacet
facet normal 0.3545959358235552 0.7533169413822076 -0.5538730072173338
 outer loop
  vertex -5.310993436329639 1.6224341784353415 111.9072620436197
  vertex -3.9182871442694727 4.7377487953812345 117.03599594584206
  vertex -1.6972808679503646 2.6850203709723557 115.66601530180445
 endloop
endfacet
facet normal -0.2520518583225453 0.9675439539760601 0.018126164528742172
 outer loop
  vertex -7.363357081291088 3.89028062673612 113.62867933913968
  vertex -9.644032368180806 3.247641769301736 116.21791418446197
  vertex -6.091469479385246 4.112241174040264 119.46692757442561
 endloop
endfacet
facet normal -0.25667671872392867 0.9663069705528485 0.01918073841367487
 outer loop
  vertex -7.363357081291088 3.89028062673612 113.62867933913968
  vertex -6.091469479385246 4.112241174040264 119.46692757442561
  vertex -3.9182871442694727 4.7377487953812345 117.03599594584206
 endloop
endfacet
facet normal -0.7297188572520407 0.435222198634367 0.5273443155914773
 outer loop
  vertex -6.091469479385246 4.112241174040264 119.46692757442561
  vertex -6.580377250114605 1.2795175038493665 121.12826908926337
  vertex -3.0638924458856747 3.0597138002841566 124.5250333546407
 endloop
endfacet
facet normal -0.7290744248663469 0.4364565917939358 0.527215445985251
 outer loop
  vertex -6.091469479385246 4.112241174040264 119.46692757442561
  vertex -3.0638924458856747 3.0597138002841566 124.5250333546407
  vertex -2.7979779335224544 5.632591989995813 122.76279709488654
 endloop
endfacet
facet normal -0.5364212656704332 -0.38156759655396205 0.7527671585534027
 outer loop
  vertex -6.580377250114605 1.2795175038493665 121.12826908926337
  vertex -5.016852933197318 -1.6273235145053975 120.76899644449158
  vertex -1.295928717053839 0.4773171093336761 124.48733817889256
 endloop
endfacet
facet normal -0.5367781398375463 -0.37849675961709134 0.7540619547171871
 outer loop
  vertex -6.580377250114605 1.2795175038493665 121.12826908926337
  vertex -1.295928717053839 0.4773171093336761 124.48733817889256
  vertex -3.0638924458856747 3.0597138002841566 124.5250333546407
 endloop
endfacet
facet normal 0.07931296345046107 -0.899585795178174 0.429482072899857
 outer loop
  vertex -5.016852933197318 -1.6273235145053975 120.76899644449158
  vertex -2.5782622293558166 -2.4193713054522012 118.65964926944977
  vertex 1.1746005052749589 -0.17000070327739714 122.6780968038219
 endloop
endfacet
facet normal 0.07915061051434165 -0.8994119651372062 0.42987590979634555
 outer loop
  vertex -5.016852933197318 -1.6273235145053975 120.76899644449158
  vertex 1.1746005052749589 -0.17000070327739714 122.6780968038219
  vertex -1.295928717053839 0.4773171093336761 124.48733817889256
 endloop
endfacet
facet normal 0.6516981274703457 -0.7328795482457925 -0.19538965790104723
 outer loop
  vertex -2.5782622293558166 -2.4193713054522012 118.65964926944977
  vertex -1.10091367676773 -0.5001977275775786 116.38860900978537
  vertex 2.487336327075109 1.6052038782240703 120.4597048866552
 endloop
endfacet
facet normal 0.6520373722794234 -0.73147056772955 -0.19949454553033374
 outer loop
  vertex -2.5782622293558166 -2.4193713054522012 118.65964926944977
  vertex 2.487336327075109 1.6052038782240703 120.4597048866552
  vertex 1.1746005052749589 -0.17000070327739714 122.6780968038219
 endloop
endfacet
facet normal 0.7548530887758284 -0.007454616740392734 -0.6558515404074656
 outer loop
  vertex -1.10091367676773 -0.5001977275775786 116.38860900978537
  vertex -1.6972808679503646 2.6850203709723557 115.66601530180445
  vertex 1.6537618996003876 4.4661655963932745 119.5026567879673
 endloop
endfacet
facet normal 0.7507633976498743 -0.0022291977412720754 -0.6605674465386915
 outer loop
  vertex -1.10091367676773 -0.5001977275775786 116.38860900978537
  vertex 1.6537618996003876 4.4661655963932745 119.5026567879673
  vertex 2.487336327075109 1.6052038782240703 120.4597048866552
 endloop
endfacet
facet normal 0.3073548750349243 0.7355128236796163 -0.60378296348531
 outer loop
  vertex -1.6972808679503646 2.6850203709723557 115.66601530180445
  vertex -3.9182871442694727 4.7377487953812345 117.03599594584206
  vertex -0.6984242314412064 6.2585219244652865 120.52762924629359
 endloop
endfacet
facet normal 0.2993531623191074 0.7384091263734117 -0.6042678597261362
 outer loop
  vertex -1.6972808679503646 2.6850203709723557 115.66601530180445
  vertex -0.6984242314412064 6.2585219244652865 120.52762924629359
  vertex 1.6537618996003876 4.4661655963932745 119.5026567879673
 endloop
endfacet
facet normal -0.3538198986224518 0.9321845393720241 -0.0764425529045504
 outer loop
  vertex -3.9182871442694727 4.7377487953812345 117.03599594584206
  vertex -6.091469479385246 4.112241174040264 119.46692757442561
  vertex -2.7979779335224544 5.632591989995813 122.76279709488654
 endloop
endfacet
facet normal -0.35779330804892157 0.9307484228726296 -0.07544085123805251
 outer loop
  vertex -3.9182871442694727 4.7377487953812345 117.03599594584206
  vertex -2.7979779335224544 5.632591989995813 122.76279709488654
  vertex -0.6984242314412064 6.2585219244652865 120.52762924629359
 endloop
endfacet
facet normal -0.8023755864086728 0.3914785726870298 0.45048634325833264
 outer loop
  vertex -2.7979779335224544 5.632591989995813 122.76279709488654
  vertex -3.0638924458856747 3.0597138002841566 124.5250333546407
  vertex 0.003669387278519398 5.435667508096531 127.92403041934654
 endloop
endfacet
facet normal -0.801604840764847 0.3934474337016066 0.4501430841143562
 outer loop
  vertex -2.7979779335224544 5.632591989995813 122.76279709488654
  vertex 0.003669387278519398 5.435667508096531 127.92403041934654
  vertex 0.12165754526230899 7.747490373753377 126.11349300616793
 endloop
endfacet
facet normal -0.540294666705719 -0.38085015985093784 0.750356467867687
 outer loop
  vertex -3.0638924458856747 3.0597138002841566 124.5250333546407
  vertex -1.295928717053839 0.4773171093336761 124.48733817889256
  vertex 1.9003277478233214 3.2047187460552 128.17312192189027
 endloop
endfacet
facet normal -0.5414603433378152 -0.37639004822622346 0.7517654076829797
 outer loop
  vertex -3.0638924458856747 3.0597138002841566 124.5250333546407
  vertex 1.9003277478233214 3.2047187460552 128.17312192189027
  vertex 0.003669387278519398 5.435667508096531 127.92403041934654
 endloop
endfacet
facet normal 0.14507571941560268 -0.8520516784969655 0.502952256985242
 outer loop
  vertex -1.295928717053839 0.4773171093336761 124.48733817889256
  vertex 1.1746005052749589 -0.17000070327739714 122.6780968038219
  vertex 4.383410196626689 2.7345940085077736 126.67319653184303
 endloop
endfacet
facet normal 0.1439017778311974 -0.8510549130880929 0.5049730817040048
 outer loop
  vertex -1.295928717053839 0.4773171093336761 124.48733817889256
  vertex 4.383410196626689 2.7345940085077736 126.67319653184303
  vertex 1.9003277478233214 3.2047187460552 128.17312192189027
 endloop
endfacet
facet normal 0.7350147956659683 -0.6704068205448288 -0.10152805089771387
 outer loop
  vertex 1.1746005052749589 -0.17000070327739714 122.6780968038219
  vertex 2.487336327075109 1.6052038782240703 120.4597048866552
  vertex 5.583105004088507 4.379306811624437 124.55372866081242
 endloop
endfacet
facet normal 0.7352726684375394 -0.6698093923739685 -0.10358320779139432
 outer loop
  vertex 1.1746005052749589 -0.17000070327739714 122.6780968038219
  vertex 5.583105004088507 4.379306811624437 124.55372866081242
  vertex 4.383410196626689 2.7345940085077736 126.67319653184303
 endloop
endfacet
facet normal 0.7908260862803367 0.025859436324896533 -0.6114943914799909
 outer loop
  vertex 2.487336327075109 1.6052038782240703 120.4597048866552
  vertex 1.6537618996003876 4.4661655963932745 119.5026567879673
  vertex 4.596017510875782 6.900354868631323 123.41072084495
 endloop
endfacet
facet normal 0.7876227581360333 0.029344372863075792 -0.6154586083949596
 outer loop
  vertex 2.487336327075109 1.6052038782240703 120.4597048866552
  vertex 4.596017510875782 6.900354868631323 123.41072084495
  vertex 5.583105004088507 4.379306811624437 124.55372866081242
 endloop
endfacet
facet normal 0.26673100957817364 0.717813406686405 -0.6431162272176514
 outer loop
  vertex 1.6537618996003876 4.4661655963932745 119.5026567879673
  vertex -0.6984242314412064 6.2585219244652865 120.52762924629359
  vertex 2.165444732293091 8.399337572593799 124.10488128271055
 endloop
endfacet
facet normal 0.2599067198388402 0.7196146750581572 -0.6438968989081693
 outer loop
  vertex 1.6537618996003876 4.4661655963932745 119.5026567879673
  vertex 2.165444732293091 8.399337572593799 124.10488128271055
  vertex 4.596017510875782 6.900354868631323 123.41072084495
 endloop
endfacet
facet normal -0.44301877884249885 0.8803206241260441 -0.1696170991711432
 outer loop
  vertex -0.6984242314412064 6.2585219244652865 120.52762924629359
  vertex -2.7979779335224544 5.632591989995813 122.76279709488654
  vertex 0.12165754526230899 7.747490373753377 126.11349300616793
 endloop
endfacet
facet normal -0.4461787900873883 0.87888617286499 -0.1687707984898016
 outer loop
  vertex -0.6984242314412064 6.2585219244652865 120.52762924629359
  vertex 0.12165754526230899 7.747490373753377 126.11349300616793
  vertex 2.165444732293091 8.399337572593799 124.10488128271055
 endloop
endfacet
facet normal -0.8699127639373966 0.3308547953193702 0.36576889910567445
 outer loop
  vertex 0.12165754526230899 7.747490373753377 126.11349300616793
  vertex 0.003669387278519398 5.435667508096531 127.92403041934654
  vertex 2.5301086792575385 8.308092009344328 131.33445260128943
 endloop
endfacet
facet normal -0.8691512842349828 0.33355309229510455 0.36512789503549803
 outer loop
  vertex 0.12165754526230899 7.747490373753377 126.11349300616793
  vertex 2.5301086792575385 8.308092009344328 131.33445260128943
  vertex 2.564181640335584 10.375935766392036 129.5265350725464
 endloop
endfacet
facet normal -0.5548871065439729 -0.3896746162453537 0.7350197224872907
 outer loop
  vertex 0.003669387278519398 5.435667508096531 127.92403041934654
  vertex 1.9003277478233214 3.2047187460552 128.17312192189027
  vertex 4.476581166860403 6.434269147263471 131.83017157159657
 endloop
endfacet
facet normal -0.5572045100471359 -0.3840378538808542 0.7362323415673335
 outer loop
  vertex 0.003669387278519398 5.435667508096531 127.92403041934654
  vertex 4.476581166860403 6.434269147263471 131.83017157159657
  vertex 2.5301086792575385 8.308092009344328 131.33445260128943
 endloop
endfacet
facet normal 0.19185760868511145 -0.8000803643791319 0.5683854928871654
 outer loop
  vertex 1.9003277478233214 3.2047187460552 128.17312192189027
  vertex 4.383410196626689 2.7345940085077736 126.67319653184303
  vertex 6.937865619176421 6.165494014316864 130.64040548800236
 endloop
endfacet
facet normal 0.18919119543190777 -0.798330570837578 0.5717298236380473
 outer loop
  vertex 1.9003277478233214 3.2047187460552 128.17312192189027
  vertex 6.937865619176421 6.165494014316864 130.64040548800236
  vertex 4.476581166860403 6.434269147263471 131.83017157159657
 endloop
endfacet
facet normal 0.8048138650786926 -0.5935061530673239 -0.005008876952213266
 outer loop
  vertex 4.383410196626689 2.7345940085077736 126.67319653184303
  vertex 5.583105004088507 4.379306811624437 124.55372866081242
  vertex 8.060564642558548 7.704159767626851 128.66107247825843
 endloop
endfacet
facet normal 0.8047943710320747 -0.5935334579277294 -0.004904556599681728
 outer loop
  vertex 4.383410196626689 2.7345940085077736 126.67319653184303
  vertex 8.060564642558548 7.704159767626851 128.66107247825843
  vertex 6.937865619176421 6.165494014316864 130.64040548800236
 endloop
endfacet
facet normal 0.8282609283892893 0.0723725217621781 -0.5556492172202672
 outer loop
  vertex 5.583105004088507 4.379306811624437 124.55372866081242
  vertex 4.596017510875782 6.900354868631323 123.41072084495
  vertex 6.999262973513563 9.891619711889582 127.38265066973725
 endloop
endfacet
facet normal 0.8261390732639579 0.07439765249358307 -0.5585330974347112
 outer loop
  vertex 5.583105004088507 4.379306811624437 124.55372866081242
  vertex 6.999262973513563 9.891619711889582 127.38265066973725
  vertex 8.060564642558548 7.704159767626851 128.66107247825843
 endloop
endfacet
facet normal 0.24108766919447192 0.7014932775317687 -0.6706593154054551
 outer loop
  vertex 4.596017510875782 6.900354868631323 123.41072084495
  vertex 2.165444732293091 8.399337572593799 124.10488128271055
  vertex 4.553142415441032 11.08067189302417 127.76781775930768
 endloop
endfacet
facet normal 0.23569442057159734 0.7024221148768288 -0.6716035382898023
 outer loop
  vertex 4.596017510875782 6.900354868631323 123.41072084495
  vertex 4.553142415441032 11.08067189302417 127.76781775930768
  vertex 6.999262973513563 9.891619711889582 127.38265066973725
 endloop
endfacet
facet normal -0.5156723089155844 0.8164669282104321 -0.2597379929010987
 outer loop
  vertex 2.165444732293091 8.399337572593799 124.10488128271055
  vertex 0.12165754526230899 7.747490373753377 126.11349300616793
  vertex 2.564181640335584 10.375935766392036 129.5265350725464
 endloop
endfacet
facet normal -0.517966327185722 0.8152127546260771 -0.2591120386950343
 outer loop
  vertex 2.165444732293091 8.399337572593799 124.10488128271055
  vertex 2.564181640335584 10.375935766392036 129.5265350725464
  vertex 4.553142415441032 11.08067189302417 127.76781775930768
 endloop
endfacet
facet normal -0.927093637596718 0.25525725548680694 0.27448337044168664
 outer loop
  vertex 2.564181640335584 10.375935766392036 129.5265350725464
  vertex 2.5301086792575385 8.308092009344328 131.33445260128943
  vertex 4.442841992027654 11.565043844720789 134.7660714145598
 endloop
endfacet
facet normal -0.9264645656023623 0.25856856890175606 0.2735063141123507
 outer loop
  vertex 2.564181640335584 10.375935766392036 129.5265350725464
  vertex 4.442841992027654 11.565043844720789 134.7660714145598
  vertex 4.441368714278174 13.418633061293152 133.00872679072202
 endloop
endfacet
facet normal -0.5758693882018576 -0.41127634116739276 0.7065594234938631
 outer loop
  vertex 2.5301086792575385 8.308092009344328 131.33445260128943
  vertex 4.476581166860403 6.434269147263471 131.83017157159657
  vertex 6.364240947245191 10.033531454507827 135.46374693712406
 endloop
endfacet
facet normal -0.5795254735632295 -0.4048624222904278 0.7072740943286712
 outer loop
  vertex 2.5301086792575385 8.308092009344328 131.33445260128943
  vertex 6.364240947245191 10.033531454507827 135.46374693712406
  vertex 4.442841992027654 11.565043844720789 134.7660714145598
 endloop
endfacet
facet normal 0.21990179976756205 -0.7496289529060525 0.6242592661899079
 outer loop
  vertex 4.476581166860403 6.434269147263471 131.83017157159657
  vertex 6.937865619176421 6.165494014316864 130.64040548800236
  vertex 8.758712977256032 9.97735595764404 134.57638945993685
 endloop
endfacet
facet normal 0.21536925209135627 -0.747418798249169 0.6284753179539972
 outer loop
  vertex 4.476581166860403 6.434269147263471 131.83017157159657
  vertex 8.758712977256032 9.97735595764404 134.57638945993685
  vertex 6.364240947245191 10.033531454507827 135.46374693712406
 endloop
endfacet
facet normal 0.8572763326616618 -0.506471207514365 0.09254299226366572
 outer loop
  vertex 6.937865619176421 6.165494014316864 130.64040548800236
  vertex 8.060564642558548 7.704159767626851 128.66107247825843
  vertex 9.82317180513397 11.438818649039165 132.77219726211396
 endloop
endfacet
facet normal 0.8567017608345976 -0.507039462493098 0.09472632399502191
 outer loop
  vertex 6.937865619176421 6.165494014316864 130.64040548800236
  vertex 9.82317180513397 11.438818649039165 132.77219726211396
  vertex 8.758712977256032 9.97735595764404 134.57638945993685
 endloop
endfacet
facet normal 0.862198967813073 0.1325817901307357 -0.4889120665598271
 outer loop
  vertex 8.060564642558548 7.704159767626851 128.66107247825843
  vertex 6.999262973513563 9.891619711889582 127.38265066973725
  vertex 8.756058222483922 13.317408313666707 131.40976386742983
 endloop
endfacet
facet normal 0.8611758059537358 0.1334717944384866 -0.49047070384407665
 outer loop
  vertex 8.060564642558548 7.704159767626851 128.66107247825843
  vertex 8.756058222483922 13.317408313666707 131.40976386742983
  vertex 9.82317180513397 11.438818649039165 132.77219726211396
 endloop
endfacet
facet normal 0.22819420186531525 0.6914679327968661 -0.6854192178139452
 outer loop
  vertex 6.999262973513563 9.891619711889582 127.38265066973725
  vertex 4.553142415441032 11.08067189302417 127.76781775930768
  vertex 6.3609305221915 14.198508617816566 131.51502941065806
 endloop
endfacet
facet normal 0.2243278430654375 0.6917986608064024 -0.6863611525516843
 outer loop
  vertex 6.999262973513563 9.891619711889582 127.38265066973725
  vertex 6.3609305221915 14.198508617816566 131.51502941065806
  vertex 8.756058222483922 13.317408313666707 131.40976386742983
 endloop
endfacet
facet normal -0.5694336047014986 0.7461389147735398 -0.34499578214410354
 outer loop
  vertex 4.553142415441032 11.08067189302417 127.76781775930768
  vertex 2.564181640335584 10.375935766392036 129.5265350725464
  vertex 4.441368714278174 13.418633061293152 133.00872679072202
 endloop
endfacet
facet normal -0.570907825239886 0.7451923704226885 -0.34460497115346206
 outer loop
  vertex 4.553142415441032 11.08067189302417 127.76781775930768
  vertex 4.441368714278174 13.418633061293152 133.00872679072202
  vertex 6.3609305221915 14.198508617816566 131.51502941065806
 endloop
endfacet
facet normal -0.9695179169219076 0.16817157712623879 0.17819463912890063
 outer loop
  vertex 4.441368714278174 13.418633061293152 133.00872679072202
  vertex 4.442841992027654 11.565043844720789 134.7660714145598
  vertex 5.689930309332024 15.08522194202985 138.22902949364374
 endloop
endfacet
facet normal -0.9691017804313281 0.17188621860164546 0.17690920558200723
 outer loop
  vertex 4.441368714278174 13.418633061293152 133.00872679072202
  vertex 5.689930309332024 15.08522194202985 138.22902949364374
  vertex 5.683407487559345 16.76026847622456 136.56581082749318
 endloop
endfacet
facet normal -0.5980178007343632 -0.4472934811916493 0.665058833253338
 outer loop
  vertex 4.442841992027654 11.565043844720789 134.7660714145598
  vertex 6.364240947245191 10.033531454507827 135.46374693712406
  vertex 7.521652880635392 13.863875878495403 139.0806315046911
 endloop
endfacet
facet normal -0.6029785744357945 -0.44061279441031237 0.6650392500998065
 outer loop
  vertex 4.442841992027654 11.565043844720789 134.7660714145598
  vertex 7.521652880635392 13.863875878495403 139.0806315046911
  vertex 5.689930309332024 15.08522194202985 138.22902949364374
 endloop
endfacet
facet normal 0.23138736666054568 -0.7062403914566767 0.6690922178780876
 outer loop
  vertex 6.364240947245191 10.033531454507827 135.46374693712406
  vertex 8.758712977256032 9.97735595764404 134.57638945993685
  vertex 9.799250744946924 14.015928782382039 138.4793431768014
 endloop
endfacet
facet normal 0.22484157654224773 -0.7040336101793969 0.6736341300704423
 outer loop
  vertex 6.364240947245191 10.033531454507827 135.46374693712406
  vertex 9.799250744946924 14.015928782382039 138.4793431768014
  vertex 7.521652880635392 13.863875878495403 139.0806315046911
 endloop
endfacet
facet normal 0.8900928355914778 -0.41460909390777223 0.18929882006420023
 outer loop
  vertex 8.758712977256032 9.97735595764404 134.57638945993685
  vertex 9.82317180513397 11.438818649039165 132.77219726211396
  vertex 10.807646255910502 15.426881715749133 136.87794688492215
 endloop
endfacet
facet normal 0.8886945771058342 -0.4157673239134896 0.19328600825848205
 outer loop
  vertex 8.758712977256032 9.97735595764404 134.57638945993685
  vertex 10.807646255910502 15.426881715749133 136.87794688492215
  vertex 9.799250744946924 14.015928782382039 138.4793431768014
 endloop
endfacet
facet normal 0.8876696625960712 0.20529881883183942 -0.41218316934686766
 outer loop
  vertex 9.82317180513397 11.438818649039165 132.77219726211396
  vertex 8.756058222483922 13.317408313666707 131.40976386742983
  vertex 9.787497026250804 17.034258341576596 135.4823266993697
 endloop
endfacet
facet normal 0.8876045177502087 0.2053532192677486 -0.4122963441576839
 outer loop
  vertex 9.82317180513397 11.438818649039165 132.77219726211396
  vertex 9.787497026250804 17.034258341576596 135.4823266993697
  vertex 10.807646255910502 15.426881715749133 136.87794688492215
 endloop
endfacet
facet normal 0.22424052966684876 0.6915898570122023 -0.6866000688410778
 outer loop
  vertex 8.756058222483922 13.317408313666707 131.40976386742983
  vertex 6.3609305221915 14.198508617816566 131.51502941065806
  vertex 7.506996233153496 17.627671276108547 135.34341308532862
 endloop
endfacet
facet normal 0.2218323171204253 0.691598019702059 -0.6873736991078241
 outer loop
  vertex 8.756058222483922 13.317408313666707 131.40976386742983
  vertex 7.506996233153496 17.627671276108547 135.34341308532862
  vertex 9.787497026250804 17.034258341576596 135.4823266993697
 endloop
endfacet
facet normal -0.6038848084842938 0.67525766500223 -0.42349760794793617
 outer loop
  vertex 6.3609305221915 14.198508617816566 131.51502941065806
  vertex 4.441368714278174 13.418633061293152 133.00872679072202
  vertex 5.683407487559345 16.76026847622456 136.56581082749318
 endloop
endfacet
facet normal -0.6046680069682323 0.674675737082075 -0.4233075136845846
 outer loop
  vertex 6.3609305221915 14.198508617816566 131.51502941065806
  vertex 5.683407487559345 16.76026847622456 136.56581082749318
  vertex 7.506996233153496 17.627671276108547 135.34341308532862
 endloop
endfacet
facet normal -0.9941195467069238 0.07432563851013528 0.07875294480386776
 outer loop
  vertex 5.683407487559345 16.76026847622456 136.56581082749318
  vertex 5.689930309332024 15.08522194202985 138.22902949364374
  vertex 6.240877756408335 18.741033212281373 141.73349678817075
 endloop
endfacet
facet normal -0.9939417397731478 0.07817130143770189 0.07725972798466142
 outer loop
  vertex 5.683407487559345 16.76026847622456 136.56581082749318
  vertex 6.240877756408335 18.741033212281373 141.73349678817075
  vertex 6.242282272189131 20.272458742553695 140.2020712578984
 endloop
endfacet
facet normal -0.6157884246986745 -0.4975394698075339 0.6109493366808438
 outer loop
  vertex 5.689930309332024 15.08522194202985 138.22902949364374
  vertex 7.521652880635392 13.863875878495403 139.0806315046911
  vertex 7.933263560304472 17.785428541673504 142.68910145877862
 endloop
endfacet
facet normal -0.6217850878498034 -0.4911130032353745 0.6100748499821504
 outer loop
  vertex 5.689930309332024 15.08522194202985 138.22902949364374
  vertex 7.933263560304472 17.785428541673504 142.68910145877862
  vertex 6.240877756408335 18.741033212281373 141.73349678817075
 endloop
endfacet
facet normal 0.23022827768932583 -0.6744327407143623 0.7015236406598999
 outer loop
  vertex 7.521652880635392 13.863875878495403 139.0806315046911
  vertex 9.799250744946924 14.015928782382039 138.4793431768014
  vertex 10.045038655164738 18.12523453848067 142.34929546197145
 endloop
endfacet
facet normal 0.2218279742910685 -0.6727579156124697 0.7058251460543794
 outer loop
  vertex 7.521652880635392 13.863875878495403 139.0806315046911
  vertex 10.045038655164738 18.12523453848067 142.34929546197145
  vertex 7.933263560304472 17.785428541673504 142.68910145877862
 endloop
endfacet
facet normal 0.9027611296122787 -0.32372198774001076 0.2832426830737535
 outer loop
  vertex 9.799250744946924 14.015928782382039 138.4793431768014
  vertex 10.807646255910502 15.426881715749133 136.87794688492215
  vertex 10.985993322197874 19.504570356327953 140.96995964412417
 endloop
endfacet
facet normal 0.9003782439832667 -0.32563211571474865 0.2885874962238412
 outer loop
  vertex 9.799250744946924 14.015928782382039 138.4793431768014
  vertex 10.985993322197874 19.504570356327953 140.96995964412417
  vertex 10.045038655164738 18.12523453848067 142.34929546197145
 endloop
endfacet
facet normal 0.9002707573552188 0.2877032864378271 -0.32670993621855837
 outer loop
  vertex 10.807646255910502 15.426881715749133 136.87794688492215
  vertex 9.787497026250804 17.034258341576596 135.4823266993697
  vertex 10.047569505150689 20.884767991053305 139.5897620093988
 endloop
endfacet
facet normal 0.9009201642802052 0.28714640789090584 -0.32540712657942433
 outer loop
  vertex 10.807646255910502 15.426881715749133 136.87794688492215
  vertex 10.047569505150689 20.884767991053305 139.5897620093988
  vertex 10.985993322197874 19.504570356327953 140.96995964412417
 endloop
endfacet
facet normal 0.22426879697926114 0.7041653409652645 -0.6736873750373742
 outer loop
  vertex 9.787497026250804 17.034258341576596 135.4823266993697
  vertex 7.506996233153496 17.627671276108547 135.34341308532862
  vertex 7.93641947861702 21.22651047280762 139.2480195276445
 endloop
endfacet
facet normal 0.2231032060099908 0.7040791138591179 -0.6741643426460815
 outer loop
  vertex 9.787497026250804 17.034258341576596 135.4823266993697
  vertex 7.93641947861702 21.22651047280762 139.2480195276445
  vertex 10.047569505150689 20.884767991053305 139.5897620093988
 endloop
endfacet
facet normal -0.6205990102071531 0.6095005650472135 -0.49332132503777826
 outer loop
  vertex 7.506996233153496 17.627671276108547 135.34341308532862
  vertex 5.683407487559345 16.76026847622456 136.56581082749318
  vertex 6.242282272189131 20.272458742553695 140.2020712578984
 endloop
endfacet
facet normal -0.6208835950055922 0.6092577180228207 -0.4932632101450064
 outer loop
  vertex 7.506996233153496 17.627671276108547 135.34341308532862
  vertex 6.242282272189131 20.272458742553695 140.2020712578984
  vertex 7.93641947861702 21.22651047280762 139.2480195276445
 endloop
endfacet
facet normal -0.999547531795554 -0.020805596878674698 -0.021722311569863276
 outer loop
  vertex 6.242282272189131 20.272458742553695 140.2020712578984
  vertex 6.240877756408335 18.741033212281373 141.73349678817075
  vertex 6.087408657107437 22.401654435938244 145.28920722256723
 endloop
endfacet
facet normal -0.9995826135831926 -0.017133460950627562 -0.023260334005500115
 outer loop
  vertex 6.242282272189131 20.272458742553695 140.2020712578984
  vertex 6.087408657107437 22.401654435938244 145.28920722256723
  vertex 6.09500047209187 23.817650062942803 143.9199426179407
 endloop
endfacet
facet normal -0.6239620681798774 -0.5599708548017414 0.5450724532071831
 outer loop
  vertex 6.240877756408335 18.741033212281373 141.73349678817075
  vertex 7.933263560304472 17.785428541673504 142.68910145877862
  vertex 7.60816030830132 21.661281315823526 146.29873625495634
 endloop
endfacet
facet normal -0.6305351324055053 -0.5542327040963659 0.5433705517530389
 outer loop
  vertex 6.240877756408335 18.741033212281373 141.73349678817075
  vertex 7.60816030830132 21.661281315823526 146.29873625495634
  vertex 6.087408657107437 22.401654435938244 145.28920722256723
 endloop
endfacet
facet normal 0.22166655611277686 -0.6571613137461735 0.7204185905544808
 outer loop
  vertex 7.933263560304472 17.785428541673504 142.68910145877862
  vertex 10.045038655164738 18.12523453848067 142.34929546197145
  vertex 9.512098414644186 22.154046762904372 146.18833376307964
 endloop
endfacet
facet normal 0.21188605063050614 -0.6564767778677061 0.7239768930488327
 outer loop
  vertex 7.933263560304472 17.785428541673504 142.68910145877862
  vertex 9.512098414644186 22.154046762904372 146.18833376307964
  vertex 7.60816030830132 21.661281315823526 146.29873625495634
 endloop
endfacet
facet normal 0.8967115045876136 -0.23949317643850326 0.3722250609236486
 outer loop
  vertex 10.045038655164738 18.12523453848067 142.34929546197145
  vertex 10.985993322197874 19.504570356327953 140.96995964412417
  vertex 10.365518748800314 23.508888344945618 145.04113507512076
 endloop
endfacet
facet normal 0.8933665188618035 -0.2423619682439167 0.3783608586068037
 outer loop
  vertex 10.045038655164738 18.12523453848067 142.34929546197145
  vertex 10.365518748800314 23.508888344945618 145.04113507512076
  vertex 9.512098414644186 22.154046762904372 146.18833376307964
 endloop
endfacet
facet normal 0.8967285514183093 0.3755931511887364 -0.23411042234666857
 outer loop
  vertex 10.985993322197874 19.504570356327953 140.96995964412417
  vertex 10.047569505150689 20.884767991053305 139.5897620093988
  vertex 9.525778392547885 24.705582716938515 143.72100420170122
 endloop
endfacet
facet normal 0.8978203119354656 0.3745570848032814 -0.2315721868009423
 outer loop
  vertex 10.985993322197874 19.504570356327953 140.96995964412417
  vertex 9.525778392547885 24.705582716938515 143.72100420170122
  vertex 10.365518748800314 23.508888344945618 145.04113507512076
 endloop
endfacet
facet normal 0.222767681058509 0.7296283513081688 -0.6465423646159143
 outer loop
  vertex 10.047569505150689 20.884767991053305 139.5897620093988
  vertex 7.93641947861702 21.22651047280762 139.2480195276445
  vertex 7.625218961726539 24.842994608655896 143.22202661626827
 endloop
endfacet
facet normal 0.22252710357611238 0.7295933658651295 -0.6466646802320483
 outer loop
  vertex 10.047569505150689 20.884767991053305 139.5897620093988
  vertex 7.625218961726539 24.842994608655896 143.22202661626827
  vertex 9.525778392547885 24.705582716938515 143.72100420170122
 endloop
endfacet
facet normal -0.6229824794988693 0.5536416068970393 -0.5526063710724887
 outer loop
  vertex 7.93641947861702 21.22651047280762 139.2480195276445
  vertex 6.242282272189131 20.272458742553695 140.2020712578984
  vertex 6.09500047209187 23.817650062942803 143.9199426179407
 endloop
endfacet
facet normal -0.6230002810973819 0.5536242051600861 -0.5526037361558878
 outer loop
  vertex 7.93641947861702 21.22651047280762 139.2480195276445
  vertex 6.09500047209187 23.817650062942803 143.9199426179407
  vertex 7.625218961726539 24.842994608655896 143.22202661626827
 endloop
endfacet
facet normal -0.9863600360841575 -0.11165901373772377 -0.12093859544073782
 outer loop
  vertex 6.09500047209187 23.817650062942803 143.9199426179407
  vertex 6.087408657107437 22.401654435938244 145.28920722256723
  vertex 5.243949208269145 25.936287441484755 148.9049351502312
 endloop
endfacet
facet normal -0.986544612921896 -0.10847416637132465 -0.12232367695925737
 outer loop
  vertex 6.09500047209187 23.817650062942803 143.9199426179407
  vertex 5.243949208269145 25.936287441484755 148.9049351502312
  vertex 5.246014416417985 27.25405419692764 147.7197102301971
 endloop
endfacet
facet normal -0.6182887278411829 -0.6309144762015965 0.46868536647072395
 outer loop
  vertex 6.087408657107437 22.401654435938244 145.28920722256723
  vertex 7.60816030830132 21.661281315823526 146.29873625495634
  vertex 6.578032059743549 25.360961697494137 149.92006806350344
 endloop
endfacet
facet normal -0.6248740413450854 -0.6261484525729033 0.4663373755057804
 outer loop
  vertex 6.087408657107437 22.401654435938244 145.28920722256723
  vertex 6.578032059743549 25.360961697494137 149.92006806350344
  vertex 5.243949208269145 25.936287441484755 148.9049351502312
 endloop
endfacet
facet normal 0.21167430353618924 -0.6554330371261258 0.7249838088303019
 outer loop
  vertex 7.60816030830132 21.661281315823526 146.29873625495634
  vertex 9.512098414644186 22.154046762904372 146.18833376307964
  vertex 8.24367137335021 25.961308984687143 150.00069318138213
 endloop
endfacet
facet normal 0.20123182863998906 -0.6560026810307722 0.7274381304431635
 outer loop
  vertex 7.60816030830132 21.661281315823526 146.29873625495634
  vertex 8.24367137335021 25.961308984687143 150.00069318138213
  vertex 6.578032059743549 25.360961697494137 149.92006806350344
 endloop
endfacet
facet normal 0.8752054647162951 -0.16680523803670025 0.45408303986633725
 outer loop
  vertex 9.512098414644186 22.154046762904372 146.18833376307964
  vertex 10.365518748800314 23.508888344945618 145.04113507512076
  vertex 8.986606773093275 27.285255550954556 149.0860981456519
 endloop
endfacet
facet normal 0.8711287815146248 -0.1707887210508126 0.4603975008388649
 outer loop
  vertex 9.512098414644186 22.154046762904372 146.18833376307964
  vertex 8.986606773093275 27.285255550954556 149.0860981456519
  vertex 8.24367137335021 25.961308984687143 150.00069318138213
 endloop
endfacet
facet normal 0.8753536116453231 0.46386671395021406 -0.13632214151970728
 outer loop
  vertex 10.365518748800314 23.508888344945618 145.04113507512076
  vertex 9.525778392547885 24.705582716938515 143.72100420170122
  vertex 8.247392749845897 28.33584262830879 147.86499167255639
 endloop
endfacet
facet normal 0.8766555394808851 0.4624110573411734 -0.1328573639136964
 outer loop
  vertex 10.365518748800314 23.508888344945618 145.04113507512076
  vertex 8.247392749845897 28.33584262830879 147.86499167255639
  vertex 8.986606773093275 27.285255550954556 149.0860981456519
 endloop
endfacet
facet normal 0.2143758235344024 0.7664555541356485 -0.6054658452948133
 outer loop
  vertex 9.525778392547885 24.705582716938515 143.72100420170122
  vertex 7.625218961726539 24.842994608655896 143.22202661626827
  vertex 6.582672540331425 28.321956719431245 147.25689184236916
 endloop
endfacet
facet normal 0.21470117148440643 0.7665234911110468 -0.605264524433868
 outer loop
  vertex 9.525778392547885 24.705582716938515 143.72100420170122
  vertex 6.582672540331425 28.321956719431245 147.25689184236916
  vertex 8.247392749845897 28.33584262830879 147.86499167255639
 endloop
endfacet
facet normal -0.6158783678414806 0.5109449974149196 -0.5996907916931704
 outer loop
  vertex 7.625218961726539 24.842994608655896 143.22202661626827
  vertex 6.09500047209187 23.817650062942803 143.9199426179407
  vertex 5.246014416417985 27.25405419692764 147.7197102301971
 endloop
endfacet
facet normal -0.6158661174438353 0.510958729366477 -0.599691672669257
 outer loop
  vertex 7.625218961726539 24.842994608655896 143.22202661626827
  vertex 5.246014416417985 27.25405419692764 147.7197102301971
  vertex 6.582672540331425 28.321956719431245 147.25689184236916
 endloop
endfacet
facet normal -0.9569643950649814 -0.19323740996493421 -0.21651431815923414
 outer loop
  vertex 5.246014416417985 27.25405419692764 147.7197102301971
  vertex 5.243949208269145 25.936287441484755 148.9049351502312
  vertex 3.7480451294329624 29.217719812194936 152.58797771465464
 endloop
endfacet
facet normal -0.9572084659875617 -0.19084602851536434 -0.21755400718362308
 outer loop
  vertex 5.246014416417985 27.25405419692764 147.7197102301971
  vertex 3.7480451294329624 29.217719812194936 152.58797771465464
  vertex 3.728751034581199 30.441458365375393 151.59936263620003
 endloop
endfacet
facet normal -0.5960203040823114 -0.7054990684002586 0.3834460348054161
 outer loop
  vertex 5.243949208269145 25.936287441484755 148.9049351502312
  vertex 6.578032059743549 25.360961697494137 149.92006806350344
  vertex 4.895181923053051 28.763228764470522 153.56408382888893
 endloop
endfacet
facet normal -0.6020522634407788 -0.7018210110633727 0.38076284025075313
 outer loop
  vertex 5.243949208269145 25.936287441484755 148.9049351502312
  vertex 4.895181923053051 28.763228764470522 153.56408382888893
  vertex 3.7480451294329624 29.217719812194936 152.58797771465464
 endloop
endfacet
facet normal 0.2062280141144172 -0.6681741090720161 0.714851988988099
 outer loop
  vertex 6.578032059743549 25.360961697494137 149.92006806350344
  vertex 8.24367137335021 25.961308984687143 150.00069318138213
  vertex 6.30634401251939 29.420226251066453 153.7926531659484
 endloop
endfacet
facet normal 0.19595185090032075 -0.6699938383633687 0.716038496649348
 outer loop
  vertex 6.578032059743549 25.360961697494137 149.92006806350344
  vertex 6.30634401251939 29.420226251066453 153.7926531659484
  vertex 4.895181923053051 28.763228764470522 153.56408382888893
 endloop
endfacet
facet normal 0.8429834457308626 -0.10915957829175423 0.5267476594071285
 outer loop
  vertex 8.24367137335021 25.961308984687143 150.00069318138213
  vertex 8.986606773093275 27.285255550954556 149.0860981456519
  vertex 6.918897562003151 30.693979764269628 153.10156835306245
 endloop
endfacet
facet normal 0.8385750026519643 -0.11427184560291667 0.5326667909957982
 outer loop
  vertex 8.24367137335021 25.961308984687143 150.00069318138213
  vertex 6.918897562003151 30.693979764269628 153.10156835306245
  vertex 6.30634401251939 29.420226251066453 153.7926531659484
 endloop
endfacet
facet normal 0.8362980017827696 0.5471217493426985 -0.035544951966942524
 outer loop
  vertex 8.986606773093275 27.285255550954556 149.0860981456519
  vertex 8.247392749845897 28.33584262830879 147.86499167255639
  vertex 6.2715772549277995 31.62532692880153 152.01123034989536
 endloop
endfacet
facet normal 0.8376617784041073 0.5452777074986441 -0.03154309283966386
 outer loop
  vertex 8.986606773093275 27.285255550954556 149.0860981456519
  vertex 6.2715772549277995 31.62532692880153 152.01123034989536
  vertex 6.918897562003151 30.693979764269628 153.10156835306245
 endloop
endfacet
facet normal 0.1945879587633554 0.8113474941845296 -0.5512266049319424
 outer loop
  vertex 8.247392749845897 28.33584262830879 147.86499167255639
  vertex 6.582672540331425 28.321956719431245 147.25689184236916
  vertex 4.851828485448948 31.51294433374973 151.34268591167387
 endloop
endfacet
facet normal 0.1951399094360765 0.8114915445753687 -0.5508192887217753
 outer loop
  vertex 8.247392749845897 28.33584262830879 147.86499167255639
  vertex 4.851828485448948 31.51294433374973 151.34268591167387
  vertex 6.2715772549277995 31.62532692880153 152.01123034989536
 endloop
endfacet
facet normal -0.6049538293848291 0.4827708356353552 -0.6332165384547154
 outer loop
  vertex 6.582672540331425 28.321956719431245 147.25689184236916
  vertex 5.246014416417985 27.25405419692764 147.7197102301971
  vertex 3.728751034581199 30.441458365375393 151.59936263620003
 endloop
endfacet
facet normal -0.6051156061649285 0.48256217240787874 -0.6332210142885655
 outer loop
  vertex 6.582672540331425 28.321956719431245 147.25689184236916
  vertex 3.728751034581199 30.441458365375393 151.59936263620003
  vertex 4.851828485448948 31.51294433374973 151.34268591167387
 endloop
endfacet
facet normal -0.9153257905794749 -0.261706937530663 -0.3060852429444794
 outer loop
  vertex 3.728751034581199 30.441458365375393 151.59936263620003
  vertex 3.7480451294329624 29.217719812194936 152.58797771465464
  vertex 1.6604607877922284 32.12646484137324 156.3437322332688
 endloop
endfacet
facet normal -0.9155163278450701 -0.260394115208854 -0.3066345678713936
 outer loop
  vertex 3.728751034581199 30.441458365375393 151.59936263620003
  vertex 1.6604607877922284 32.12646484137324 156.3437322332688
  vertex 1.6058224774060024 33.247777914169404 155.5546461825405
 endloop
endfacet
facet normal -0.5562659273349102 -0.7782501722784088 0.2913672724155192
 outer loop
  vertex 3.7480451294329624 29.217719812194936 152.58797771465464
  vertex 4.895181923053051 28.763228764470522 153.56408382888893
  vertex 2.630732621934241 31.758609834868864 157.2416411427356
 endloop
endfacet
facet normal -0.5612673266796536 -0.7756346570872494 0.28873840535512435
 outer loop
  vertex 3.7480451294329624 29.217719812194936 152.58797771465464
  vertex 2.630732621934241 31.758609834868864 157.2416411427356
  vertex 1.6604607877922284 32.12646484137324 156.3437322332688
 endloop
endfacet
facet normal 0.2105599533989133 -0.6923619889885971 0.6901444647524176
 outer loop
  vertex 4.895181923053051 28.763228764470522 153.56408382888893
  vertex 6.30634401251939 29.420226251066453 153.7926531659484
  vertex 3.7860034987846425 32.4212152174287 157.57222918810854
 endloop
endfacet
facet normal 0.20122799218122084 -0.6951601276888183 0.6901157091636011
 outer loop
  vertex 4.895181923053051 28.763228764470522 153.56408382888893
  vertex 3.7860034987846425 32.4212152174287 157.57222918810854
  vertex 2.630732621934241 31.758609834868864 157.2416411427356
 endloop
endfacet
facet normal 0.8057098699133076 -0.06824710766457265 0.5883654797995045
 outer loop
  vertex 6.30634401251939 29.420226251066453 153.7926531659484
  vertex 6.918897562003151 30.693979764269628 153.10156835306245
  vertex 4.256330884843874 33.61532562129862 157.08655682845463
 endloop
endfacet
facet normal 0.8014480347839075 -0.07430656312489424 0.5934303516147272
 outer loop
  vertex 6.30634401251939 29.420226251066453 153.7926531659484
  vertex 4.256330884843874 33.61532562129862 157.08655682845463
  vertex 3.7860034987846425 32.4212152174287 157.57222918810854
 endloop
endfacet
facet normal 0.7815820285085271 0.6203172919969104 0.0658482343128168
 outer loop
  vertex 6.918897562003151 30.693979764269628 153.10156835306245
  vertex 6.2715772549277995 31.62532692880153 152.01123034989536
  vertex 3.6875486654790848 34.44175155695138 156.15034525650393
 endloop
endfacet
facet normal 0.7829500075628856 0.6181360341923435 0.06997948906815009
 outer loop
  vertex 6.918897562003151 30.693979764269628 153.10156835306245
  vertex 3.6875486654790848 34.44175155695138 156.15034525650393
  vertex 4.256330884843874 33.61532562129862 157.08655682845463
 endloop
endfacet
facet normal 0.16035962135127046 0.859654995791016 -0.48505471861597776
 outer loop
  vertex 6.2715772549277995 31.62532692880153 152.01123034989536
  vertex 4.851828485448948 31.51294433374973 151.34268591167387
  vertex 2.5079614529148078 34.27817743882359 155.46858088117108
 endloop
endfacet
facet normal 0.16086528515601173 0.859805729673446 -0.4846199204040089
 outer loop
  vertex 6.2715772549277995 31.62532692880153 152.01123034989536
  vertex 2.5079614529148078 34.27817743882359 155.46858088117108
  vertex 3.6875486654790848 34.44175155695138 156.15034525650393
 endloop
endfacet
facet normal -0.5959694902341781 0.46842265587564186 -0.652227400660555
 outer loop
  vertex 4.851828485448948 31.51294433374973 151.34268591167387
  vertex 3.728751034581199 30.441458365375393 151.59936263620003
  vertex 1.6058224774060024 33.247777914169404 155.5546461825405
 endloop
endfacet
facet normal -0.5964433199601094 0.4677159023766219 -0.652301464615085
 outer loop
  vertex 4.851828485448948 31.51294433374973 151.34268591167387
  vertex 1.6058224774060024 33.247777914169404 155.5546461825405
  vertex 2.5079614529148078 34.27817743882359 155.46858088117108
 endloop
endfacet
facet normal -0.8664502735911662 -0.3148747013782312 -0.38745044305789966
 outer loop
  vertex 1.6058224774060024 33.247777914169404 155.5546461825405
  vertex 1.6604607877922284 32.12646484137324 156.3437322332688
  vertex -0.9356340972008843 34.5553082257086 160.17546301235058
 endloop
endfacet
facet normal -0.8664482497601169 -0.3148853462811633 -0.38744631781063804
 outer loop
  vertex 1.6058224774060024 33.247777914169404 155.5546461825405
  vertex -0.9356340972008843 34.5553082257086 160.17546301235058
  vertex -1.0326445096518335 35.555721185326114 159.57935235515865
 endloop
endfacet
facet normal -0.5000874530520262 -0.8438034072342265 0.19470066574063752
 outer loop
  vertex 1.6604607877922284 32.12646484137324 156.3437322332688
  vertex 2.630732621934241 31.758609834868864 157.2416411427356
  vertex -0.1272815524952715 34.251819060948 160.96289270181705
 endloop
endfacet
facet normal -0.5037199770608871 -0.8421393707687574 0.19252912743525455
 outer loop
  vertex 1.6604607877922284 32.12646484137324 156.3437322332688
  vertex -0.1272815524952715 34.251819060948 160.96289270181705
  vertex -0.9356340972008843 34.5553082257086 160.17546301235058
 endloop
endfacet
facet normal 0.22849990569280304 -0.7234347327462856 0.6514829088738172
 outer loop
  vertex 2.630732621934241 31.758609834868864 157.2416411427356
  vertex 3.7860034987846425 32.4212152174287 157.57222918810854
  vertex 0.7837071709147903 34.8737872221598 161.3486908067514
 endloop
endfacet
facet normal 0.22070078531195245 -0.7267451787298784 0.6504864399474939
 outer loop
  vertex 2.630732621934241 31.758609834868864 157.2416411427356
  vertex 0.7837071709147903 34.8737872221598 161.3486908067514
  vertex -0.1272815524952715 34.251819060948 160.96289270181705
 endloop
endfacet
facet normal 0.7692630195464726 -0.04373253819187189 0.6374338176324973
 outer loop
  vertex 3.7860034987846425 32.4212152174287 157.57222918810854
  vertex 4.256330884843874 33.61532562129862 157.08655682845463
  vertex 1.111338983518138 35.95285799811317 161.04234348529087
 endloop
endfacet
facet normal 0.765587807905392 -0.050370263152379254 0.6413564882158569
 outer loop
  vertex 3.7860034987846425 32.4212152174287 157.57222918810854
  vertex 1.111338983518138 35.95285799811317 161.04234348529087
  vertex 0.7837071709147903 34.8737872221598 161.3486908067514
 endloop
endfacet
facet normal 0.7148402636297361 0.6794297842575587 0.1654646964083167
 outer loop
  vertex 4.256330884843874 33.61532562129862 157.08655682845463
  vertex 3.6875486654790848 34.44175155695138 156.15034525650393
  vertex 0.6089004479534339 36.6764690854828 160.27453651884178
 endloop
endfacet
facet normal 0.7162190425614556 0.6770129200282652 0.16936289200162385
 outer loop
  vertex 4.256330884843874 33.61532562129862 157.08655682845463
  vertex 0.6089004479534339 36.6764690854828 160.27453651884178
  vertex 1.111338983518138 35.95285799811317 161.04234348529087
 endloop
endfacet
facet normal 0.11049502987667804 0.9060196910159365 -0.40855742297006264
 outer loop
  vertex 3.6875486654790848 34.44175155695138 156.15034525650393
  vertex 2.5079614529148078 34.27817743882359 155.46858088117108
  vertex -0.34526197062077296 36.49972657650318 159.62344421354814
 endloop
endfacet
facet normal 0.11076644373320155 0.9061056524794676 -0.4082932052918069
 outer loop
  vertex 3.6875486654790848 34.44175155695138 156.15034525650393
  vertex -0.34526197062077296 36.49972657650318 159.62344421354814
  vertex 0.6089004479534339 36.6764690854828 160.27453651884178
 endloop
endfacet
facet normal -0.5940308795204161 0.46527507077953617 -0.6562365600050781
 outer loop
  vertex 2.5079614529148078 34.27817743882359 155.46858088117108
  vertex 1.6058224774060024 33.247777914169404 155.5546461825405
  vertex -1.0326445096518335 35.555721185326114 159.57935235515865
 endloop
endfacet
facet normal -0.5948691924473802 0.4638207548556116 -0.656506626959829
 outer loop
  vertex 2.5079614529148078 34.27817743882359 155.46858088117108
  vertex -1.0326445096518335 35.555721185326114 159.57935235515865
  vertex -0.34526197062077296 36.49972657650318 159.62344421354814
 endloop
endfacet
facet normal -0.8157559878913139 -0.3523967307347436 -0.4586487898021004
 outer loop
  vertex -1.0326445096518335 35.555721185326114 159.57935235515865
  vertex -0.9356340972008843 34.5553082257086 160.17546301235058
  vertex -3.9363704849434322 36.41421157436147 164.08433021843382
 endloop
endfacet
facet normal -0.8153932912610546 -0.3539127744121789 -0.45812610564596606
 outer loop
  vertex -1.0326445096518335 35.555721185326114 159.57935235515865
  vertex -3.9363704849434322 36.41421157436147 164.08433021843382
  vertex -4.072289950091684 37.26907478229726 163.6658445934781
 endloop
endfacet
facet normal -0.4303469382596732 -0.8975605955295836 0.09584617928276623
 outer loop
  vertex -0.9356340972008843 34.5553082257086 160.17546301235058
  vertex -0.1272815524952715 34.251819060948 160.96289270181705
  vertex -3.27584351464966 36.16443439905555 164.73679547252308
 endloop
endfacet
facet normal -0.4324187002833231 -0.896709016924617 0.09448283765514516
 outer loop
  vertex -0.9356340972008843 34.5553082257086 160.17546301235058
  vertex -3.27584351464966 36.16443439905555 164.73679547252308
  vertex -3.9363704849434322 36.41421157436147 164.08433021843382
 endloop
endfacet
facet normal 0.2620066790557125 -0.7559071046110248 0.5999641233680344
 outer loop
  vertex -0.1272815524952715 34.251819060948 160.96289270181705
  vertex 0.7837071709147903 34.8737872221598 161.3486908067514
  vertex -2.5880993201362847 36.70783056391071 165.13192071155103
 endloop
endfacet
facet normal 0.2560584765935481 -0.7591888608536901 0.5983864387837242
 outer loop
  vertex -0.1272815524952715 34.251819060948 160.96289270181705
  vertex -2.5880993201362847 36.70783056391071 165.13192071155103
  vertex -3.27584351464966 36.16443439905555 164.73679547252308
 endloop
endfacet
facet normal 0.7389944133569771 -0.03334470498169581 0.6728858652675512
 outer loop
  vertex 0.7837071709147903 34.8737872221598 161.3486908067514
  vertex 1.111338983518138 35.95285799811317 161.04234348529087
  vertex -2.3910233072967797 37.6352116735293 164.97216857144358
 endloop
endfacet
facet normal 0.7362051433696897 -0.04007465824958142 0.6755708761056783
 outer loop
  vertex 0.7837071709147903 34.8737872221598 161.3486908067514
  vertex -2.3910233072967797 37.6352116735293 164.97216857144358
  vertex -2.5880993201362847 36.70783056391071 165.13192071155103
 endloop
endfacet
facet normal 0.6408472750476445 0.7219311884534592 0.26101748830717214
 outer loop
  vertex 1.111338983518138 35.95285799811317 161.04234348529087
  vertex 0.6089004479534339 36.6764690854828 160.27453651884178
  vertex -2.8330177334173308 38.2482408372414 164.37783567205148
 endloop
endfacet
facet normal 0.6422663601814217 0.719428254915704 0.2644180565094846
 outer loop
  vertex 1.111338983518138 35.95285799811317 161.04234348529087
  vertex -2.8330177334173308 38.2482408372414 164.37783567205148
  vertex -2.3910233072967797 37.6352116735293 164.97216857144358
 endloop
endfacet
facet normal 0.04575901219053824 0.9450844046519982 -0.3236071397341603
 outer loop
  vertex 0.6089004479534339 36.6764690854828 160.27453651884178
  vertex -0.34526197062077296 36.49972657650318 159.62344421354814
  vertex -3.5812517805859696 38.08529459125577 163.79646680879867
 endloop
endfacet
facet normal 0.0456875755453031 0.9450618456850743 -0.32368310624917274
 outer loop
  vertex 0.6089004479534339 36.6764690854828 160.27453651884178
  vertex -3.5812517805859696 38.08529459125577 163.79646680879867
  vertex -2.8330177334173308 38.2482408372414 164.37783567205148
 endloop
endfacet
facet normal -0.602960982021982 0.46918545804240874 -0.6452155144760718
 outer loop
  vertex -0.34526197062077296 36.49972657650318 159.62344421354814
  vertex -1.0326445096518335 35.555721185326114 159.57935235515865
  vertex -4.072289950091684 37.26907478229726 163.6658445934781
 endloop
endfacet
facet normal -0.6041347111787875 0.466804204634833 -0.6458444745325022
 outer loop
  vertex -0.34526197062077296 36.49972657650318 159.62344421354814
  vertex -4.072289950091684 37.26907478229726 163.6658445934781
  vertex -3.5812517805859696 38.08529459125577 163.79646680879867
 endloop
endfacet
facet normal -0.7684633088736688 -0.3757417714081137 -0.517959712848427
 outer loop
  vertex -4.072289950091684 37.26907478229726 163.6658445934781
  vertex -3.9363704849434322 36.41421157436147 164.08433021843382
  vertex -7.219914089902368 37.63559706420044 168.06988582201714
 endloop
endfacet
facet normal -0.7675448339353579 -0.3788686102837742 -0.5170430388669647
 outer loop
  vertex -4.072289950091684 37.26907478229726 163.6658445934781
  vertex -7.219914089902368 37.63559706420044 168.06988582201714
  vertex -7.379049840483262 38.31808941185373 167.80601783854928
 endloop
endfacet
facet normal -0.35138222378686135 -0.9362282470854416 -0.0026836851381927267
 outer loop
  vertex -3.9363704849434322 36.41421157436147 164.08433021843382
  vertex -3.27584351464966 36.16443439905555 164.73679547252308
  vertex -6.699376467410355 37.43835393015256 168.57076707946143
 endloop
endfacet
facet normal -0.3518181803771939 -0.9360635818594533 -0.0029897612832899875
 outer loop
  vertex -3.9363704849434322 36.41421157436147 164.08433021843382
  vertex -6.699376467410355 37.43835393015256 168.57076707946143
  vertex -7.219914089902368 37.63559706420044 168.06988582201714
 endloop
endfacet
facet normal 0.3109085647118655 -0.7840888856561051 0.5371596445930901
 outer loop
  vertex -3.27584351464966 36.16443439905555 164.73679547252308
  vertex -2.5880993201362847 36.70783056391071 165.13192071155103
  vertex -6.209412419776125 37.87488811267481 168.93148780791094
 endloop
endfacet
facet normal 0.30684520020192213 -0.7868564802607941 0.5354464516500571
 outer loop
  vertex -3.27584351464966 36.16443439905555 164.73679547252308
  vertex -6.209412419776125 37.87488811267481 168.93148780791094
  vertex -6.699376467410355 37.43835393015256 168.57076707946143
 endloop
endfacet
facet normal 0.7190229312901955 -0.033215567416737486 0.6941921566540775
 outer loop
  vertex -2.5880993201362847 36.70783056391071 165.13192071155103
  vertex -2.3910233072967797 37.6352116735293 164.97216857144358
  vertex -6.1189748683134 38.61648046865343 168.88041794148128
 endloop
endfacet
facet normal 0.717220917748014 -0.03955442015588837 0.6957223605654975
 outer loop
  vertex -2.5880993201362847 36.70783056391071 165.13192071155103
  vertex -6.1189748683134 38.61648046865343 168.88041794148128
  vertex -6.209412419776125 37.87488811267481 168.93148780791094
 endloop
endfacet
facet normal 0.564858313841942 0.7470582088808884 0.3504841192227077
 outer loop
  vertex -2.3910233072967797 37.6352116735293 164.97216857144358
  vertex -2.8330177334173308 38.2482408372414 164.37783567205148
  vertex -6.496165133863465 39.104696828309294 168.45601413122944
 endloop
endfacet
facet normal 0.5663391155357171 0.7446285999571084 0.3532538100858055
 outer loop
  vertex -2.3910233072967797 37.6352116735293 164.97216857144358
  vertex -6.496165133863465 39.104696828309294 168.45601413122944
  vertex -6.1189748683134 38.61648046865343 168.88041794148128
 endloop
endfacet
facet normal -0.03132075620110339 0.972170849708953 -0.2321698714458092
 outer loop
  vertex -2.8330177334173308 38.2482408372414 164.37783567205148
  vertex -3.5812517805859696 38.08529459125577 163.79646680879867
  vertex -7.0569512531878935 38.97190031502273 167.97786110253506
 endloop
endfacet
facet normal -0.031783278200958574 0.97203272251404 -0.23268478589874206
 outer loop
  vertex -2.8330177334173308 38.2482408372414 164.37783567205148
  vertex -7.0569512531878935 38.97190031502273 167.97786110253506
  vertex -6.496165133863465 39.104696828309294 168.45601413122944
 endloop
endfacet
facet normal -0.6249140445558723 0.4750882154182489 -0.6194946525092244
 outer loop
  vertex -3.5812517805859696 38.08529459125577 163.79646680879867
  vertex -4.072289950091684 37.26907478229726 163.6658445934781
  vertex -7.379049840483262 38.31808941185373 167.80601783854928
 endloop
endfacet
facet normal -0.6263402166810481 0.47169224800833676 -0.6206483353210412
 outer loop
  vertex -3.5812517805859696 38.08529459125577 163.79646680879867
  vertex -7.379049840483262 38.31808941185373 167.80601783854928
  vertex -7.0569512531878935 38.97190031502273 167.97786110253506
 endloop
endfacet
facet normal -0.729762313764125 -0.3878454737204693 -0.5630478256100238
 outer loop
  vertex -7.379049840483262 38.31808941185373 167.80601783854928
  vertex -7.219914089902368 37.63559706420044 168.06988582201714
  vertex -10.647332712490467 38.184284316156294 172.13418546587
 endloop
endfacet
facet normal -0.7280328441510527 -0.39273941509721877 -0.5618931657053886
 outer loop
  vertex -7.379049840483262 38.31808941185373 167.80601783854928
  vertex -10.647332712490467 38.184284316156294 172.13418546587
  vertex -10.799663063968321 38.66289715818882 171.99702660133002
 endloop
endfacet
facet normal -0.26923921937644907 -0.9581255300382784 -0.09749723810667003
 outer loop
  vertex -7.219914089902368 37.63559706420044 168.06988582201714
  vertex -6.699376467410355 37.43835393015256 168.57076707946143
  vertex -10.274275520174458 38.046134459876534 172.4700876705857
 endloop
endfacet
facet normal -0.2679989762259074 -0.9585644899633262 -0.09659537940923336
 outer loop
  vertex -7.219914089902368 37.63559706420044 168.06988582201714
  vertex -10.274275520174458 38.046134459876534 172.4700876705857
  vertex -10.647332712490467 38.184284316156294 172.13418546587
 endloop
endfacet
facet normal 0.37220232981239304 -0.8027460469015949 0.46590150232220634
 outer loop
  vertex -6.699376467410355 37.43835393015256 168.57076707946143
  vertex -6.209412419776125 37.87488811267481 168.93148780791094
  vertex -9.961411161814143 38.35247724887171 172.75179200417
 endloop
endfacet
facet normal 0.36976763082257397 -0.8047195137144576 0.4644334219702838
 outer loop
  vertex -6.699376467410355 37.43835393015256 168.57076707946143
  vertex -9.961411161814143 38.35247724887171 172.75179200417
  vertex -10.274275520174458 38.046134459876534 172.4700876705857
 endloop
endfacet
facet normal 0.710924903588528 -0.038339011458382345 0.7022221170385026
 outer loop
  vertex -6.209412419776125 37.87488811267481 168.93148780791094
  vertex -6.1189748683134 38.61648046865343 168.88041794148128
  vertex -9.944332880524687 38.87263031477436 172.76716935771267
 endloop
endfacet
facet normal 0.7100014626464037 -0.044089129221840224 0.7028186620490573
 outer loop
  vertex -6.209412419776125 37.87488811267481 168.93148780791094
  vertex -9.944332880524687 38.87263031477436 172.76716935771267
  vertex -9.961411161814143 38.35247724887171 172.75179200417
 endloop
endfacet
facet normal 0.49108608213661964 0.7558493183625193 0.4330430323450776
 outer loop
  vertex -6.1189748683134 38.61648046865343 168.88041794148128
  vertex -6.496165133863465 39.104696828309294 168.45601413122944
  vertex -10.235900970450501 39.21490778977091 172.50464027035528
 endloop
endfacet
facet normal 0.4926906664020565 0.7535351338060093 0.4352478711725736
 outer loop
  vertex -6.1189748683134 38.61648046865343 168.88041794148128
  vertex -10.235900970450501 39.21490778977091 172.50464027035528
  vertex -9.944332880524687 38.87263031477436 172.76716935771267
 endloop
endfacet
facet normal -0.11763209223083419 0.9838013907355188 -0.1352683054682641
 outer loop
  vertex -6.496165133863465 39.104696828309294 168.45601413122944
  vertex -7.0569512531878935 38.97190031502273 167.97786110253506
  vertex -10.616558712972308 39.12156775400087 172.16189449949536
 endloop
endfacet
facet normal -0.11850630406114995 0.9835624702194227 -0.13623921268722125
 outer loop
  vertex -6.496165133863465 39.104696828309294 168.45601413122944
  vertex -10.616558712972308 39.12156775400087 172.16189449949536
  vertex -10.235900970450501 39.21490778977091 172.50464027035528
 endloop
endfacet
facet normal -0.6609353962109574 0.47772197752186263 -0.5787452930504624
 outer loop
  vertex -7.0569512531878935 38.97190031502273 167.97786110253506
  vertex -7.379049840483262 38.31808941185373 167.80601783854928
  vertex -10.799663063968321 38.66289715818882 171.99702660133002
 endloop
endfacet
facet normal -0.6625588809127205 0.47319485694501556 -0.5806051641903208
 outer loop
  vertex -7.0569512531878935 38.97190031502273 167.97786110253506
  vertex -10.799663063968321 38.66289715818882 171.99702660133002
  vertex -10.616558712972308 39.12156775400087 172.16189449949536
 endloop
endfacet
facet normal 0 0 -1
 outer loop
  vertex 6.858387820446067 -8.600146307148329 0
  vertex -2.4477302735194604 -10.72420703400006 0
  vertex -9.910657546926611 -4.772721130293138 0
 endloop
endfacet
facet normal 0 0 -1
 outer loop
  vertex 6.858387820446067 -8.600146307148329 0
  vertex -9.910657546926611 -4.772721130293138 0
  vertex -9.91065754692661 4.7727211302931405 0
 endloop
endfacet
facet normal 0 0 -1
 outer loop
  vertex 6.858387820446067 -8.600146307148329 0
  vertex -9.91065754692661 4.7727211302931405 0
  vertex -2.4477302735194577 10.72420703400006 0
 endloop
endfacet
facet normal 0 0 -1
 outer loop
  vertex 6.858387820446067 -8.600146307148329 0
  vertex -2.4477302735194577 10.72420703400006 0
  vertex 6.85838782044607 8.600146307148329 0
 endloop
endfacet
facet normal 0 0 -1
 outer loop
  vertex 6.858387820446067 -8.600146307148329 0
  vertex 6.85838782044607 8.600146307148329 0
  vertex 11 0 0
 endloop
endfacet
facet normal -0.6691306063588468 4.256093935293668e-15 0.7431448254774045
 outer loop
  vertex -10.799663063968321 38.66289715818882 171.99702660133002
  vertex -10.647332712490467 38.184284316156294 172.13418546587
  vertex -10.274275520174458 38.046134459876534 172.4700876705857
 endloop
endfacet
facet normal -0.6691306063588618 -1.8766556257902624e-14 0.743144825477391
 outer loop
  vertex -10.799663063968321 38.66289715818882 171.99702660133002
  vertex -10.274275520174458 38.046134459876534 172.4700876705857
  vertex -9.961411161814143 38.35247724887171 172.75179200417
 endloop
endfacet
facet normal -0.6691306063588559 9.53453529627528e-15 0.7431448254773961
 outer loop
  vertex -10.799663063968321 38.66289715818882 171.99702660133002
  vertex -9.961411161814143 38.35247724887171 172.75179200417
  vertex -9.944332880524687 38.87263031477436 172.76716935771267
 endloop
endfacet
facet normal -0.6691306063588538 -6.760622751294272e-15 0.7431448254773981
 outer loop
  vertex -10.799663063968321 38.66289715818882 171.99702660133002
  vertex -9.944332880524687 38.87263031477436 172.76716935771267
  vertex -10.235900970450501 39.21490778977091 172.50464027035528
 endloop
endfacet
facet normal -0.6691306063588582 1.2440889964704316e-15 0.7431448254773942
 outer loop
  vertex -10.799663063968321 38.66289715818882 171.99702660133002
  vertex -10.235900970450501 39.21490778977091 172.50464027035528
  vertex -10.616558712972308 39.12156775400087 172.16189449949536
 endloop
endfacet
endsolid horn
