solid horn
facet normal 0.9006509187186991 0.4337306228606079 0.026564438712541053
 outer loop
  vertex 21 0 0
  vertex 13.093285839033406 16.418461131828625 0
  vertex 13.295522486152917 15.742444806980396 4.180941325937022
 endloop
endfacet
facet normal 0.8987938310545109 0.38345586762861944 0.21244116088822854
 outer loop
  vertex 21 0 0
  vertex 13.295522486152917 15.742444806980396 4.180941325937022
  vertex 20.537164294654623 -0.008118281766578505 1.972813920722027
 endloop
endfacet
facet normal 0.2222778286032393 0.9738627980368313 0.04673133329258424
 outer loop
  vertex 13.093285839033406 16.418461131828625 0
  vertex -4.672939613082601 20.473486155818296 0
  vertex -2.9762989549780903 19.64375056946164 9.221286618521638
 endloop
endfacet
facet normal 0.27185354860447164 0.9519861081860738 0.14077676630711816
 outer loop
  vertex 13.093285839033406 16.418461131828625 0
  vertex -2.9762989549780903 19.64375056946164 9.221286618521638
  vertex 13.295522486152917 15.742444806980396 4.180941325937022
 endloop
endfacet
facet normal -0.615990217498261 0.772427301131042 0.15463543065500768
 outer loop
  vertex -4.672939613082601 20.473486155818296 0
  vertex -18.9203462259508 9.111558521468723 0
  vertex -16.02528659889931 8.758036194394197 13.298366988853008
 endloop
endfacet
facet normal -0.5963200311186518 0.7822809858640399 0.18010796662623182
 outer loop
  vertex -4.672939613082601 20.473486155818296 0
  vertex -16.02528659889931 8.758036194394197 13.298366988853008
  vertex -2.9762989549780903 19.64375056946164 9.221286618521638
 endloop
endfacet
facet normal -0.9772582091987436 0 0.21205280604996596
 outer loop
  vertex -18.9203462259508 9.111558521468723 0
  vertex -18.9203462259508 -9.111558521468718 0
  vertex -16.025286598899314 -8.71753336569018 13.342057760788466
 endloop
endfacet
facet normal -0.977110553186482 0.0005318512045221005 0.21273148329737998
 outer loop
  vertex -18.9203462259508 9.111558521468723 0
  vertex -16.025286598899314 -8.71753336569018 13.342057760788466
  vertex -16.02528659889931 8.758036194394197 13.298366988853008
 endloop
endfacet
facet normal -0.6131067820967602 -0.7688115875013466 0.18173831921368494
 outer loop
  vertex -18.9203462259508 -9.111558521468718 0
  vertex -4.672939613082606 -20.473486155818296 0
  vertex -2.9762989549780956 -19.623497795393785 9.319458891931287
 endloop
endfacet
facet normal -0.6051491599903792 -0.7810012330566395 0.15437476518831392
 outer loop
  vertex -18.9203462259508 -9.111558521468718 0
  vertex -2.9762989549780956 -19.623497795393785 9.319458891931287
  vertex -16.025286598899314 -8.71753336569018 13.342057760788466
 endloop
endfacet
facet normal 0.22027964859761376 -0.9651081994181221 0.14157344323573587
 outer loop
  vertex -4.672939613082606 -20.473486155818296 0
  vertex 13.0932858390334 -16.41846113182863 0
  vertex 13.295522486152912 -15.747443438018003 4.259669376593969
 endloop
endfacet
facet normal 0.24438529299956202 -0.9686858411633479 0.04385851907184374
 outer loop
  vertex -4.672939613082606 -20.473486155818296 0
  vertex 13.295522486152912 -15.747443438018003 4.259669376593969
  vertex -2.9762989549780956 -19.623497795393785 9.319458891931287
 endloop
endfacet
facet normal 0.8818093317085454 -0.42465699277846436 0.20513103372254524
 outer loop
  vertex 13.0932858390334 -16.41846113182863 0
  vertex 21 0 0
  vertex 20.537164294654623 -0.008118281766578505 1.972813920722027
 endloop
endfacet
facet normal 0.9094544416293452 -0.4152089796633444 0.022228850793064782
 outer loop
  vertex 13.0932858390334 -16.41846113182863 0
  vertex 20.537164294654623 -0.008118281766578505 1.972813920722027
  vertex 13.295522486152912 -15.747443438018003 4.259669376593969
 endloop
endfacet
facet normal 0.8713825462068386 0.43297840509840846 -0.23069928236673262
 outer loop
  vertex 20.537164294654623 -0.008118281766578505 1.972813920722027
  vertex 13.295522486152917 15.742444806980396 4.180941325937022
  vertex 14.884066777343229 15.087867909910024 8.952573456816577
 endloop
endfacet
facet normal 0.8982999254260641 0.40974298074509535 -0.15864404719261352
 outer loop
  vertex 20.537164294654623 -0.008118281766578505 1.972813920722027
  vertex 14.884066777343229 15.087867909910024 8.952573456816577
  vertex 21.130021012420784 -0.006172924139054757 5.334807335722557
 endloop
endfacet
facet normal 0.22872507749405532 0.9733753160563055 -0.015011096483143707
 outer loop
  vertex 13.295522486152917 15.742444806980396 4.180941325937022
  vertex -2.9762989549780903 19.64375056946164 9.221286618521638
  vertex 0.9063681065345217 18.856602159848094 17.34011342601948
 endloop
endfacet
facet normal 0.2812785132012631 0.9588775382539807 0.037898082316557204
 outer loop
  vertex 13.295522486152917 15.742444806980396 4.180941325937022
  vertex 0.9063681065345217 18.856602159848094 17.34011342601948
  vertex 14.884066777343229 15.087867909910024 8.952573456816577
 endloop
endfacet
facet normal -0.5495204010457166 0.7753180223016274 0.31130257488309954
 outer loop
  vertex -2.9762989549780903 19.64375056946164 9.221286618521638
  vertex -16.02528659889931 8.758036194394197 13.298366988853008
  vertex -10.277582807795131 8.462096067303225 24.181438571886513
 endloop
endfacet
facet normal -0.5274935761727069 0.783589379649363 0.3282349938645409
 outer loop
  vertex -2.9762989549780903 19.64375056946164 9.221286618521638
  vertex -10.277582807795131 8.462096067303225 24.181438571886513
  vertex 0.9063681065345217 18.856602159848094 17.34011342601948
 endloop
endfacet
facet normal -0.884976924801709 0.0011641328054475865 0.46563342595149015
 outer loop
  vertex -16.02528659889931 8.758036194394197 13.298366988853008
  vertex -16.025286598899314 -8.71753336569018 13.342057760788466
  vertex -10.246042816132817 -8.268375270755236 24.324891521979225
 endloop
endfacet
facet normal -0.8842265713921681 0.0023377428625674006 0.4670523583093867
 outer loop
  vertex -16.02528659889931 8.758036194394197 13.298366988853008
  vertex -10.246042816132817 -8.268375270755236 24.324891521979225
  vertex -10.277582807795131 8.462096067303225 24.181438571886513
 endloop
endfacet
facet normal -0.5400687550199825 -0.7708183559699444 0.337882822811338
 outer loop
  vertex -16.025286598899314 -8.71753336569018 13.342057760788466
  vertex -2.9762989549780956 -19.623497795393785 9.319458891931287
  vertex 0.9772378245011586 -18.73642569734895 17.662449278970904
 endloop
endfacet
facet normal -0.5399813268105492 -0.7800871280620569 0.31604467932210256
 outer loop
  vertex -16.025286598899314 -8.71753336569018 13.342057760788466
  vertex 0.9772378245011586 -18.73642569734895 17.662449278970904
  vertex -10.246042816132817 -8.268375270755236 24.324891521979225
 endloop
endfacet
facet normal 0.2468079659610358 -0.9676440831074923 0.05244765357227194
 outer loop
  vertex -2.9762989549780956 -19.623497795393785 9.319458891931287
  vertex 13.295522486152912 -15.747443438018003 4.259669376593969
  vertex 14.94089987850652 -15.059399731938779 9.211066740901163
 endloop
endfacet
facet normal 0.2467469541991378 -0.9689802525187974 -0.013900029570339617
 outer loop
  vertex -2.9762989549780956 -19.623497795393785 9.319458891931287
  vertex 14.94089987850652 -15.059399731938779 9.211066740901163
  vertex 0.9772378245011586 -18.73642569734895 17.662449278970904
 endloop
endfacet
facet normal 0.8884479840785882 -0.4315008347776768 -0.1564199768982874
 outer loop
  vertex 13.295522486152912 -15.747443438018003 4.259669376593969
  vertex 20.537164294654623 -0.008118281766578505 1.972813920722027
  vertex 21.130021012420784 -0.006172924139054757 5.334807335722557
 endloop
endfacet
facet normal 0.8768706559620333 -0.42051135912390375 -0.23295503763705286
 outer loop
  vertex 13.295522486152912 -15.747443438018003 4.259669376593969
  vertex 21.130021012420784 -0.006172924139054757 5.334807335722557
  vertex 14.94089987850652 -15.059399731938779 9.211066740901163
 endloop
endfacet
facet normal 0.7901131226287366 0.4313353019337806 -0.4355124691160534
 outer loop
  vertex 21.130021012420784 -0.006172924139054757 5.334807335722557
  vertex 14.884066777343229 15.087867909910024 8.952573456816577
  vertex 17.713019559142474 14.47500761665027 13.47791905842563
 endloop
endfacet
facet normal 0.8223812981488245 0.41368403755500766 -0.39058228009888196
 outer loop
  vertex 21.130021012420784 -0.006172924139054757 5.334807335722557
  vertex 17.713019559142474 14.47500761665027 13.47791905842563
  vertex 22.813438206284964 0.02477155034721676 8.912061408815296
 endloop
endfacet
facet normal 0.21807651832344008 0.973134778882426 -0.07383315166900158
 outer loop
  vertex 14.884066777343229 15.087867909910024 8.952573456816577
  vertex 0.9063681065345217 18.856602159848094 17.34011342601948
  vertex 6.447976673060033 18.1366247277261 24.21859025398458
 endloop
endfacet
facet normal 0.2734659524165093 0.9610158047255609 -0.04080436173516603
 outer loop
  vertex 14.884066777343229 15.087867909910024 8.952573456816577
  vertex 6.447976673060033 18.1366247277261 24.21859025398458
  vertex 17.713019559142474 14.47500761665027 13.47791905842563
 endloop
endfacet
facet normal -0.463116110859984 0.7778691775500197 0.4247858407239805
 outer loop
  vertex 0.9063681065345217 18.856602159848094 17.34011342601948
  vertex -10.277582807795131 8.462096067303225 24.181438571886513
  vertex -2.498883393744828 8.252350515557493 33.04613051547196
 endloop
endfacet
facet normal -0.4385905971210739 0.7860467810815568 0.43562454713698484
 outer loop
  vertex 0.9063681065345217 18.856602159848094 17.34011342601948
  vertex -2.498883393744828 8.252350515557493 33.04613051547196
  vertex 6.447976673060033 18.1366247277261 24.21859025398458
 endloop
endfacet
facet normal -0.7530734278430145 0.004221581994222307 0.6579229366135811
 outer loop
  vertex -10.277582807795131 8.462096067303225 24.181438571886513
  vertex -10.246042816132817 -8.268375270755236 24.324891521979225
  vertex -2.390392528282346 -7.734754935643139 33.313221976982526
 endloop
endfacet
facet normal -0.7515649313238125 0.005920039341491272 0.6596325546381319
 outer loop
  vertex -10.277582807795131 8.462096067303225 24.181438571886513
  vertex -2.390392528282346 -7.734754935643139 33.313221976982526
  vertex -2.498883393744828 8.252350515557493 33.04613051547196
 endloop
endfacet
facet normal -0.4455955161852928 -0.7692233144634487 0.4579739386050573
 outer loop
  vertex -10.246042816132817 -8.268375270755236 24.324891521979225
  vertex 0.9772378245011586 -18.73642569734895 17.662449278970904
  vertex 6.691753434943885 -17.786075143602048 24.818739320325918
 endloop
endfacet
facet normal -0.44978385973643764 -0.7776473771961533 0.4392710282508241
 outer loop
  vertex -10.246042816132817 -8.268375270755236 24.324891521979225
  vertex 6.691753434943885 -17.786075143602048 24.818739320325918
  vertex -2.390392528282346 -7.734754935643139 33.313221976982526
 endloop
endfacet
facet normal 0.2500458246815767 -0.9682000373702153 -0.00811006754741262
 outer loop
  vertex 0.9772378245011586 -18.73642569734895 17.662449278970904
  vertex 14.94089987850652 -15.059399731938779 9.211066740901163
  vertex 17.908513343609442 -14.332760982159385 13.95920124183279
 endloop
endfacet
facet normal 0.23855496089936964 -0.9691612853125241 -0.06178943017763166
 outer loop
  vertex 0.9772378245011586 -18.73642569734895 17.662449278970904
  vertex 17.908513343609442 -14.332760982159385 13.95920124183279
  vertex 6.691753434943885 -17.786075143602048 24.818739320325918
 endloop
endfacet
facet normal 0.8166965921944679 -0.433783827042029 -0.38057623112158995
 outer loop
  vertex 14.94089987850652 -15.059399731938779 9.211066740901163
  vertex 21.130021012420784 -0.006172924139054757 5.334807335722557
  vertex 22.813438206284964 0.02477155034721676 8.912061408815296
 endloop
endfacet
facet normal 0.7957773828182468 -0.4238950836089244 -0.4324942948607813
 outer loop
  vertex 14.94089987850652 -15.059399731938779 9.211066740901163
  vertex 22.813438206284964 0.02477155034721676 8.912061408815296
  vertex 17.908513343609442 -14.332760982159385 13.95920124183279
 endloop
endfacet
facet normal 0.6720018385270259 0.42812045908456947 -0.6042569002746385
 outer loop
  vertex 22.813438206284964 0.02477155034721676 8.912061408815296
  vertex 17.713019559142474 14.47500761665027 13.47791905842563
  vertex 21.620091909346662 13.919973989877764 17.429778855821027
 endloop
endfacet
facet normal 0.7053001563832025 0.41353392201984907 -0.5757963049071358
 outer loop
  vertex 22.813438206284964 0.02477155034721676 8.912061408815296
  vertex 21.620091909346662 13.919973989877764 17.429778855821027
  vertex 25.52893963004545 0.10158382111178865 12.293479528092071
 endloop
endfacet
facet normal 0.19383259386806945 0.9726116930858505 -0.12827868110894922
 outer loop
  vertex 17.713019559142474 14.47500761665027 13.47791905842563
  vertex 6.447976673060033 18.1366247277261 24.21859025398458
  vertex 13.252313207905775 17.499326960490954 29.668123517553845
 endloop
endfacet
facet normal 0.24904920927614746 0.9620971777410631 -0.11110135886480914
 outer loop
  vertex 17.713019559142474 14.47500761665027 13.47791905842563
  vertex 13.252313207905775 17.499326960490954 29.668123517553845
  vertex 21.620091909346662 13.919973989877764 17.429778855821027
 endloop
endfacet
facet normal -0.3622792855163273 0.7815270934314495 0.5079066070828078
 outer loop
  vertex 6.447976673060033 18.1366247277261 24.21859025398458
  vertex -2.498883393744828 8.252350515557493 33.04613051547196
  vertex 6.726711559486349 8.144316940585158 39.79279036627025
 endloop
endfacet
facet normal -0.33667848705221903 0.7897752252209244 0.5127403728822874
 outer loop
  vertex 6.447976673060033 18.1366247277261 24.21859025398458
  vertex 6.726711559486349 8.144316940585158 39.79279036627025
  vertex 13.252313207905775 17.499326960490954 29.668123517553845
 endloop
endfacet
facet normal -0.5924020465788914 0.009438559783108244 0.8055871950312775
 outer loop
  vertex -2.498883393744828 8.252350515557493 33.04613051547196
  vertex -2.390392528282346 -7.734754935643139 33.313221976982526
  vertex 6.957198103363126 -7.100542717423104 40.1796987593212
 endloop
endfacet
facet normal -0.5901671282132566 0.01156364878094946 0.8071982673441442
 outer loop
  vertex -2.498883393744828 8.252350515557493 33.04613051547196
  vertex 6.957198103363126 -7.100542717423104 40.1796987593212
  vertex 6.726711559486349 8.144316940585158 39.79279036627025
 endloop
endfacet
facet normal -0.3329797530909406 -0.7658084643429801 0.5501471439280068
 outer loop
  vertex -2.390392528282346 -7.734754935643139 33.313221976982526
  vertex 6.691753434943885 -17.786075143602048 24.818739320325918
  vertex 13.770211770928228 -16.755561752588847 30.537498785246424
 endloop
endfacet
facet normal -0.34010367248931905 -0.7737443459717135 0.5344615786341272
 outer loop
  vertex -2.390392528282346 -7.734754935643139 33.313221976982526
  vertex 13.770211770928228 -16.755561752588847 30.537498785246424
  vertex 6.957198103363126 -7.100542717423104 40.1796987593212
 endloop
endfacet
facet normal 0.24211216307059272 -0.9685184765554287 -0.05791080265399995
 outer loop
  vertex 6.691753434943885 -17.786075143602048 24.818739320325918
  vertex 17.908513343609442 -14.332760982159385 13.95920124183279
  vertex 22.035414310353467 -13.550313904936163 18.12696368955914
 endloop
endfacet
facet normal 0.22327914864066264 -0.969437282804421 -0.10167485673007938
 outer loop
  vertex 6.691753434943885 -17.786075143602048 24.818739320325918
  vertex 22.035414310353467 -13.550313904936163 18.12696368955914
  vertex 13.770211770928228 -16.755561752588847 30.537498785246424
 endloop
endfacet
facet normal 0.7061056786513611 -0.43707107361605346 -0.557120855097358
 outer loop
  vertex 17.908513343609442 -14.332760982159385 13.95920124183279
  vertex 22.813438206284964 0.02477155034721676 8.912061408815296
  vertex 25.52893963004545 0.10158382111178865 12.293479528092071
 endloop
endfacet
facet normal 0.6810714540039622 -0.4281128600446473 -0.5940210885190198
 outer loop
  vertex 17.908513343609442 -14.332760982159385 13.95920124183279
  vertex 25.52893963004545 0.10158382111178865 12.293479528092071
  vertex 22.035414310353467 -13.550313904936163 18.12696368955914
 endloop
endfacet
facet normal 0.5265437934213772 0.42304354580550524 -0.7374183290112414
 outer loop
  vertex 25.52893963004545 0.10158382111178865 12.293479528092071
  vertex 21.620091909346662 13.919973989877764 17.429778855821027
  vertex 26.42141088919263 13.433868080585507 20.579226937324766
 endloop
endfacet
facet normal 0.5586638119296783 0.41049480054484705 -0.720686314540416
 outer loop
  vertex 25.52893963004545 0.10158382111178865 12.293479528092071
  vertex 26.42141088919263 13.433868080585507 20.579226937324766
  vertex 29.163589217693424 0.23722223234349005 15.188256373631619
 endloop
endfacet
facet normal 0.15798625565592028 0.9716035368546737 -0.1761445718587752
 outer loop
  vertex 21.620091909346662 13.919973989877764 17.429778855821027
  vertex 13.252313207905775 17.499326960490954 29.668123517553845
  vertex 20.957345068210536 16.952026922849846 33.559986172146175
 endloop
endfacet
facet normal 0.21041426985833842 0.9623187833655746 -0.17224515732461854
 outer loop
  vertex 21.620091909346662 13.919973989877764 17.429778855821027
  vertex 20.957345068210536 16.952026922849846 33.559986172146175
  vertex 26.42141088919263 13.433868080585507 20.579226937324766
 endloop
endfacet
facet normal -0.25297528256639457 0.7863872977570997 0.5635588029094563
 outer loop
  vertex 13.252313207905775 17.499326960490954 29.668123517553845
  vertex 6.726711559486349 8.144316940585158 39.79279036627025
  vertex 16.885944764576927 8.142453393549717 44.35575761504248
 endloop
endfacet
facet normal -0.22773578360474764 0.7947250997967759 0.5626263668003272
 outer loop
  vertex 13.252313207905775 17.499326960490954 29.668123517553845
  vertex 16.885944764576927 8.142453393549717 44.35575761504248
  vertex 20.957345068210536 16.952026922849846 33.559986172146175
 endloop
endfacet
facet normal -0.4124325868379489 0.016880986464444574 0.9108317043286014
 outer loop
  vertex 6.726711559486349 8.144316940585158 39.79279036627025
  vertex 6.957198103363126 -7.100542717423104 40.1796987593212
  vertex 17.273057448358806 -6.361063957201186 44.83710517590825
 endloop
endfacet
facet normal -0.4096363090066788 0.01933563624866835 0.9120439833222101
 outer loop
  vertex 6.726711559486349 8.144316940585158 39.79279036627025
  vertex 17.273057448358806 -6.361063957201186 44.83710517590825
  vertex 16.885944764576927 8.142453393549717 44.35575761504248
 endloop
endfacet
facet normal -0.207659978631121 -0.7607034740825158 0.6149858191809903
 outer loop
  vertex 6.957198103363126 -7.100542717423104 40.1796987593212
  vertex 13.770211770928228 -16.755561752588847 30.537498785246424
  vertex 21.827179373008747 -15.637080746449827 34.64156432371072
 endloop
endfacet
facet normal -0.21680516940954178 -0.7683406161807217 0.6022028030857451
 outer loop
  vertex 6.957198103363126 -7.100542717423104 40.1796987593212
  vertex 21.827179373008747 -15.637080746449827 34.64156432371072
  vertex 17.273057448358806 -6.361063957201186 44.83710517590825
 endloop
endfacet
facet normal 0.22674848392005503 -0.9688860234441737 -0.09922196639097855
 outer loop
  vertex 13.770211770928228 -16.755561752588847 30.537498785246424
  vertex 22.035414310353467 -13.550313904936163 18.12696368955914
  vertex 27.11896384210788 -12.70056713563276 21.44658527128642
 endloop
endfacet
facet normal 0.20309995195204966 -0.9698909437994186 -0.13439481631725322
 outer loop
  vertex 13.770211770928228 -16.755561752588847 30.537498785246424
  vertex 27.11896384210788 -12.70056713563276 21.44658527128642
  vertex 21.827179373008747 -15.637080746449827 34.64156432371072
 endloop
endfacet
facet normal 0.5688862108920395 -0.4419460294083461 -0.6935792572929896
 outer loop
  vertex 22.035414310353467 -13.550313904936163 18.12696368955914
  vertex 25.52893963004545 0.10158382111178865 12.293479528092071
  vertex 29.163589217693424 0.23722223234349005 15.188256373631619
 endloop
endfacet
facet normal 0.5423576492447035 -0.4337586928538841 -0.7195148203334308
 outer loop
  vertex 22.035414310353467 -13.550313904936163 18.12696368955914
  vertex 29.163589217693424 0.23722223234349005 15.188256373631619
  vertex 27.11896384210788 -12.70056713563276 21.44658527128642
 endloop
endfacet
facet normal 0.36202652122385115 0.41600350527162205 -0.8341929522192572
 outer loop
  vertex 29.163589217693424 0.23722223234349005 15.188256373631619
  vertex 26.42141088919263 13.433868080585507 20.579226937324766
  vertex 31.914085404985443 13.022275191170838 22.757703460761455
 endloop
endfacet
facet normal 0.39165974899595507 0.40491149894975004 -0.8262259491414512
 outer loop
  vertex 29.163589217693424 0.23722223234349005 15.188256373631619
  vertex 31.914085404985443 13.022275191170838 22.757703460761455
  vertex 33.56335428114558 0.4397040527855083 17.373128562279184
 endloop
endfacet
facet normal 0.11275237039962827 0.9699873936272773 -0.2154329574912494
 outer loop
  vertex 26.42141088919263 13.433868080585507 20.579226937324766
  vertex 20.957345068210536 16.952026922849846 33.559986172146175
  vertex 29.220893157192872 16.49428580275621 35.8239458029665
 endloop
endfacet
facet normal 0.1603069154397637 0.9616640646448912 -0.22249476315827016
 outer loop
  vertex 26.42141088919263 13.433868080585507 20.579226937324766
  vertex 29.220893157192872 16.49428580275621 35.8239458029665
  vertex 31.914085404985443 13.022275191170838 22.757703460761455
 endloop
endfacet
facet normal -0.14017907799011056 0.7923662946174291 0.593721720377559
 outer loop
  vertex 20.957345068210536 16.952026922849846 33.559986172146175
  vertex 16.885944764576927 8.142453393549717 44.35575761504248
  vertex 27.511806231465673 8.241241080908445 46.73270860244346
 endloop
endfacet
facet normal -0.11661191888581454 0.8007495175773309 0.5875388246519885
 outer loop
  vertex 20.957345068210536 16.952026922849846 33.559986172146175
  vertex 27.511806231465673 8.241241080908445 46.73270860244346
  vertex 29.220893157192872 16.49428580275621 35.8239458029665
 endloop
endfacet
facet normal -0.2215782735577881 0.026437325713121813 0.9747841486689698
 outer loop
  vertex 16.885944764576927 8.142453393549717 44.35575761504248
  vertex 17.273057448358806 -6.361063957201186 44.83710517590825
  vertex 28.07380194189624 -5.522147967389184 47.26947097297805
 endloop
endfacet
facet normal -0.218465010574877 0.02911979716646058 0.9754102093824442
 outer loop
  vertex 16.885944764576927 8.142453393549717 44.35575761504248
  vertex 28.07380194189624 -5.522147967389184 47.26947097297805
  vertex 27.511806231465673 8.241241080908445 46.73270860244346
 endloop
endfacet
facet normal -0.07504888218564384 -0.7540475333560998 0.6525181857406482
 outer loop
  vertex 17.273057448358806 -6.361063957201186 44.83710517590825
  vertex 21.827179373008747 -15.637080746449827 34.64156432371072
  vertex 30.48368605590706 -14.431768666796925 37.03003990160076
 endloop
endfacet
facet normal -0.08554080404847089 -0.7615121673837474 0.6424811201656034
 outer loop
  vertex 17.273057448358806 -6.361063957201186 44.83710517590825
  vertex 30.48368605590706 -14.431768666796925 37.03003990160076
  vertex 28.07380194189624 -5.522147967389184 47.26947097297805
 endloop
endfacet
facet normal 0.2061184958580182 -0.9694349607954386 -0.13308276542353037
 outer loop
  vertex 21.827179373008747 -15.637080746449827 34.64156432371072
  vertex 27.11896384210788 -12.70056713563276 21.44658527128642
  vertex 32.92676668297073 -11.778494907519702 23.72491583138779
 endloop
endfacet
facet normal 0.1794515004555086 -0.9705696938837175 -0.1605977219599751
 outer loop
  vertex 21.827179373008747 -15.637080746449827 34.64156432371072
  vertex 32.92676668297073 -11.778494907519702 23.72491583138779
  vertex 30.48368605590706 -14.431768666796925 37.03003990160076
 endloop
endfacet
facet normal 0.4139838658407492 -0.4485748944753768 -0.7920845427540883
 outer loop
  vertex 27.11896384210788 -12.70056713563276 21.44658527128642
  vertex 29.163589217693424 0.23722223234349005 15.188256373631619
  vertex 33.56335428114558 0.4397040527855083 17.373128562279184
 endloop
endfacet
facet normal 0.38757453315548845 -0.44102098328464756 -0.8094976674160017
 outer loop
  vertex 27.11896384210788 -12.70056713563276 21.44658527128642
  vertex 33.56335428114558 0.4397040527855083 17.373128562279184
  vertex 32.92676668297073 -11.778494907519702 23.72491583138779
 endloop
endfacet
facet normal 0.18616641260294517 0.4070743831259981 -0.8942217361600746
 outer loop
  vertex 33.56335428114558 0.4397040527855083 17.373128562279184
  vertex 31.914085404985443 13.022275191170838 22.757703460761455
  vertex 37.880642812994125 12.684929918030788 23.84630143362519
 endloop
endfacet
facet normal 0.21253454959650978 0.3970519664705809 -0.8928487000324598
 outer loop
  vertex 33.56335428114558 0.4397040527855083 17.373128562279184
  vertex 37.880642812994125 12.684929918030788 23.84630143362519
  vertex 38.543475676574595 0.7114085259397926 18.679429006056285
 endloop
endfacet
facet normal 0.06063685103646698 0.9677144946793286 -0.2446463347036148
 outer loop
  vertex 31.914085404985443 13.022275191170838 22.757703460761455
  vertex 29.220893157192872 16.49428580275621 35.8239458029665
  vertex 37.71862678153966 16.118414002330212 36.44336738022915
 endloop
endfacet
facet normal 0.1017919044317573 0.9601241525053451 -0.26038436966924244
 outer loop
  vertex 31.914085404985443 13.022275191170838 22.757703460761455
  vertex 37.71862678153966 16.118414002330212 36.44336738022915
  vertex 37.880642812994125 12.684929918030788 23.84630143362519
 endloop
endfacet
facet normal -0.02805633098635815 0.7992811371294098 0.6003020124243307
 outer loop
  vertex 29.220893157192872 16.49428580275621 35.8239458029665
  vertex 27.511806231465673 8.241241080908445 46.73270860244346
  vertex 38.17942895842117 8.426377233049147 46.98477925475924
 endloop
endfacet
facet normal -0.00725746477947866 0.8076311692764262 0.5896433020209482
 outer loop
  vertex 29.220893157192872 16.49428580275621 35.8239458029665
  vertex 38.17942895842117 8.426377233049147 46.98477925475924
  vertex 37.71862678153966 16.118414002330212 36.44336738022915
 endloop
endfacet
facet normal -0.02746758563490383 0.03783506459114402 0.9989064218568089
 outer loop
  vertex 27.511806231465673 8.241241080908445 46.73270860244346
  vertex 28.07380194189624 -5.522147967389184 47.26947097297805
  vertex 38.91605590579548 -4.598919813588569 47.53263891007942
 endloop
endfacet
facet normal -0.024308290216841336 0.04063929554871038 0.9988781480661384
 outer loop
  vertex 27.511806231465673 8.241241080908445 46.73270860244346
  vertex 38.91605590579548 -4.598919813588569 47.53263891007942
  vertex 38.17942895842117 8.426377233049147 46.98477925475924
 endloop
endfacet
facet normal 0.059569319801560154 -0.7460704991774232 0.663197034368769
 outer loop
  vertex 28.07380194189624 -5.522147967389184 47.26947097297805
  vertex 30.48368605590706 -14.431768666796925 37.03003990160076
  vertex 39.3738125078384 -13.149162793826097 37.67439685143328
 endloop
endfacet
facet normal 0.0482413748628091 -0.7534556349693127 0.6557266014768167
 outer loop
  vertex 28.07380194189624 -5.522147967389184 47.26947097297805
  vertex 39.3738125078384 -13.149162793826097 37.67439685143328
  vertex 38.91605590579548 -4.598919813588569 47.53263891007942
 endloop
endfacet
facet normal 0.18159583180004374 -0.9702465069497586 -0.16013953173605214
 outer loop
  vertex 30.48368605590706 -14.431768666796925 37.03003990160076
  vertex 32.92676668297073 -11.778494907519702 23.72491583138779
  vertex 39.20799870667862 -10.785844350373026 24.83351042047166
 endloop
endfacet
facet normal 0.15326550163187203 -0.9715079483305517 -0.1807816150500168
 outer loop
  vertex 30.48368605590706 -14.431768666796925 37.03003990160076
  vertex 39.20799870667862 -10.785844350373026 24.83351042047166
  vertex 39.3738125078384 -13.149162793826097 37.67439685143328
 endloop
endfacet
facet normal 0.24892690540488635 -0.4569161935546955 -0.8539689618674877
 outer loop
  vertex 32.92676668297073 -11.778494907519702 23.72491583138779
  vertex 33.56335428114558 0.4397040527855083 17.373128562279184
  vertex 38.543475676574595 0.7114085259397926 18.679429006056285
 endloop
endfacet
facet normal 0.22369567101409804 -0.44987377930597305 -0.8646235189158997
 outer loop
  vertex 32.92676668297073 -11.778494907519702 23.72491583138779
  vertex 38.543475676574595 0.7114085259397926 18.679429006056285
  vertex 39.20799870667862 -10.785844350373026 24.83351042047166
 endloop
endfacet
facet normal 0.006201235700726964 0.396490793678972 -0.918017753207204
 outer loop
  vertex 38.543475676574595 0.7114085259397926 18.679429006056285
  vertex 37.880642812994125 12.684929918030788 23.84630143362519
  vertex 44.094272614067094 12.41559674540843 23.771949995229647
 endloop
endfacet
facet normal 0.028884751338541695 0.38725655234908235 -0.9215194158577521
 outer loop
  vertex 38.543475676574595 0.7114085259397926 18.679429006056285
  vertex 44.094272614067094 12.41559674540843 23.771949995229647
  vertex 43.8979682709402 1.0487236087995968 18.989016257574363
 endloop
endfacet
facet normal 0.004322866814305658 0.9648093264873376 -0.2629149602924029
 outer loop
  vertex 37.880642812994125 12.684929918030788 23.84630143362519
  vertex 37.71862678153966 16.118414002330212 36.44336738022915
  vertex 46.14561822265181 15.81011317557049 35.45056441806215
 endloop
endfacet
facet normal 0.03810297895324912 0.9577482445415356 -0.2850727329516018
 outer loop
  vertex 37.880642812994125 12.684929918030788 23.84630143362519
  vertex 46.14561822265181 15.81011317557049 35.45056441806215
  vertex 44.094272614067094 12.41559674540843 23.771949995229647
 endloop
endfacet
facet normal 0.0798963509172664 0.8068809185744839 0.5852860466049931
 outer loop
  vertex 37.71862678153966 16.118414002330212 36.44336738022915
  vertex 38.17942895842117 8.426377233049147 46.98477925475924
  vertex 48.50730001360545 8.676132791857567 45.23062466535963
 endloop
endfacet
facet normal 0.09710545425209488 0.8151024190378848 0.571120457725936
 outer loop
  vertex 37.71862678153966 16.118414002330212 36.44336738022915
  vertex 48.50730001360545 8.676132791857567 45.23062466535963
  vertex 46.14561822265181 15.81011317557049 35.45056441806215
 endloop
endfacet
facet normal 0.16299816087248314 0.05066207231403794 0.9853247961870418
 outer loop
  vertex 38.17942895842117 8.426377233049147 46.98477925475924
  vertex 38.91605590579548 -4.598919813588569 47.53263891007942
  vertex 49.40092342881086 -3.614311670115015 45.7475458940351
 endloop
endfacet
facet normal 0.16595176204538684 0.05348071200559316 0.9846826017135704
 outer loop
  vertex 38.17942895842117 8.426377233049147 46.98477925475924
  vertex 49.40092342881086 -3.614311670115015 45.7475458940351
  vertex 48.50730001360545 8.676132791857567 45.23062466535963
 endloop
endfacet
facet normal 0.19116990306710877 -0.7371012439192818 0.6481788521495897
 outer loop
  vertex 38.91605590579548 -4.598919813588569 47.53263891007942
  vertex 39.3738125078384 -13.149162793826097 37.67439685143328
  vertex 48.15357181002272 -11.8062648511042 36.6120758756245
 endloop
endfacet
facet normal 0.17940129092847615 -0.7444778849033925 0.6430924161448082
 outer loop
  vertex 38.91605590579548 -4.598919813588569 47.53263891007942
  vertex 48.15357181002272 -11.8062648511042 36.6120758756245
  vertex 49.40092342881086 -3.614311670115015 45.7475458940351
 endloop
endfacet
facet normal 0.1541002401648844 -0.9713783258100174 -0.18076853743849552
 outer loop
  vertex 39.3738125078384 -13.149162793826097 37.67439685143328
  vertex 39.20799870667862 -10.785844350373026 24.83351042047166
  vertex 45.70452636752452 -9.731018920433556 24.703409863618575
 endloop
endfacet
facet normal 0.1251587250044416 -0.9727344053550067 -0.19525130010810166
 outer loop
  vertex 39.3738125078384 -13.149162793826097 37.67439685143328
  vertex 45.70452636752452 -9.731018920433556 24.703409863618575
  vertex 48.15357181002272 -11.8062648511042 36.6120758756245
 endloop
endfacet
facet normal 0.08032699396597857 -0.46677612279203046 -0.8807199471067003
 outer loop
  vertex 39.20799870667862 -10.785844350373026 24.83351042047166
  vertex 38.543475676574595 0.7114085259397926 18.679429006056285
  vertex 43.8979682709402 1.0487236087995968 18.989016257574363
 endloop
endfacet
facet normal 0.05696757733999522 -0.4601358619105848 -0.8860190086650594
 outer loop
  vertex 39.20799870667862 -10.785844350373026 24.83351042047166
  vertex 43.8979682709402 1.0487236087995968 18.989016257574363
  vertex 45.70452636752452 -9.731018920433556 24.703409863618575
 endloop
endfacet
facet normal -0.17118060010871228 0.3846276589082904 -0.9070605085379634
 outer loop
  vertex 43.8979682709402 1.0487236087995968 18.989016257574363
  vertex 44.094272614067094 12.41559674540843 23.771949995229647
  vertex 50.32467345761012 12.202200810077825 22.505659903740998
 endloop
endfacet
facet normal -0.1523428828361083 0.3759686870071962 -0.9140236279436482
 outer loop
  vertex 43.8979682709402 1.0487236087995968 18.989016257574363
  vertex 50.32467345761012 12.202200810077825 22.505659903740998
  vertex 49.408690892410924 1.4420371046402036 18.232311736042842
 endloop
endfacet
facet normal -0.053496365831587164 0.9613634616388491 -0.2700341338952952
 outer loop
  vertex 44.094272614067094 12.41559674540843 23.771949995229647
  vertex 46.14561822265181 15.81011317557049 35.45056441806215
  vertex 54.21932942611899 15.54928337904781 32.92248978395843
 endloop
endfacet
facet normal -0.027552572919761556 0.9546530707292582 -0.2964428617334192
 outer loop
  vertex 44.094272614067094 12.41559674540843 23.771949995229647
  vertex 54.21932942611899 15.54928337904781 32.92248978395843
  vertex 50.32467345761012 12.202200810077825 22.505659903740998
 endloop
endfacet
facet normal 0.18073915817012837 0.8148654964801733 0.5507518310002011
 outer loop
  vertex 46.14561822265181 15.81011317557049 35.45056441806215
  vertex 48.50730001360545 8.676132791857567 45.23062466535963
  vertex 58.15990341714685 8.962863369074022 41.63871601228608
 endloop
endfacet
facet normal 0.19384167690116 0.8228602319933035 0.5341595668899629
 outer loop
  vertex 46.14561822265181 15.81011317557049 35.45056441806215
  vertex 58.15990341714685 8.962863369074022 41.63871601228608
  vertex 54.21932942611899 15.54928337904781 32.92248978395843
 endloop
endfacet
facet normal 0.3436660726418457 0.06439165795725302 0.9368817133984662
 outer loop
  vertex 48.50730001360545 8.676132791857567 45.23062466535963
  vertex 49.40092342881086 -3.614311670115015 45.7475458940351
  vertex 59.179062842389264 -2.597350613849874 42.09084246018045
 endloop
endfacet
facet normal 0.34621597415116434 0.06712046224127345 0.9357506840986429
 outer loop
  vertex 48.50730001360545 8.676132791857567 45.23062466535963
  vertex 59.179062842389264 -2.597350613849874 42.09084246018045
  vertex 58.15990341714685 8.962863369074022 41.63871601228608
 endloop
endfacet
facet normal 0.3151466711432474 -0.7275545954234004 0.6093823810593987
 outer loop
  vertex 49.40092342881086 -3.614311670115015 45.7475458940351
  vertex 48.15357181002272 -11.8062648511042 36.6120758756245
  vertex 56.50935986757511 -10.426281655191648 33.93840869067831
 endloop
endfacet
facet normal 0.30325282024852435 -0.7349764689731831 0.6065041772873684
 outer loop
  vertex 49.40092342881086 -3.614311670115015 45.7475458940351
  vertex 56.50935986757511 -10.426281655191648 33.93840869067831
  vertex 59.179062842389264 -2.597350613849874 42.09084246018045
 endloop
endfacet
facet normal 0.12432073785186983 -0.9728716360417934 -0.19510288036144158
 outer loop
  vertex 48.15357181002272 -11.8062648511042 36.6120758756245
  vertex 45.70452636752452 -9.731018920433556 24.703409863618575
  vertex 52.161135284755595 -8.62858499973149 23.320363611557266
 endloop
endfacet
facet normal 0.09559700027688281 -0.9742716294469413 -0.20409802937035784
 outer loop
  vertex 48.15357181002272 -11.8062648511042 36.6120758756245
  vertex 52.161135284755595 -8.62858499973149 23.320363611557266
  vertex 56.50935986757511 -10.426281655191648 33.93840869067831
 endloop
endfacet
facet normal -0.08594089735147119 -0.4778382542870691 -0.8742338159224398
 outer loop
  vertex 45.70452636752452 -9.731018920433556 24.703409863618575
  vertex 43.8979682709402 1.0487236087995968 18.989016257574363
  vertex 49.408690892410924 1.4420371046402036 18.232311736042842
 endloop
endfacet
facet normal -0.10699848840931085 -0.4715030827082546 -0.8753491683178407
 outer loop
  vertex 45.70452636752452 -9.731018920433556 24.703409863618575
  vertex 49.408690892410924 1.4420371046402036 18.232311736042842
  vertex 52.161135284755595 -8.62858499973149 23.320363611557266
 endloop
endfacet
facet normal -0.3399510050821853 0.3719743099880751 -0.8637525263942835
 outer loop
  vertex 49.408690892410924 1.4420371046402036 18.232311736042842
  vertex 50.32467345761012 12.202200810077825 22.505659903740998
  vertex 56.34430426052344 12.027224931663284 20.061133249646982
 endloop
endfacet
facet normal -0.32492821287563006 0.363728245223526 -0.872996804177463
 outer loop
  vertex 49.408690892410924 1.4420371046402036 18.232311736042842
  vertex 56.34430426052344 12.027224931663284 20.061133249646982
  vertex 54.85393427856513 1.8760508696636267 16.386428533183455
 endloop
endfacet
facet normal -0.11028848002084153 0.9575231666816595 -0.2664316731220584
 outer loop
  vertex 50.32467345761012 12.202200810077825 22.505659903740998
  vertex 54.21932942611899 15.54928337904781 32.92248978395843
  vertex 61.683248527381515 15.311005072659842 28.976482618814533
 endloop
endfacet
facet normal -0.09218631080015224 0.9510148095745398 -0.2950805247232692
 outer loop
  vertex 50.32467345761012 12.202200810077825 22.505659903740998
  vertex 61.683248527381515 15.311005072659842 28.976482618814533
  vertex 56.34430426052344 12.027224931663284 20.061133249646982
 endloop
endfacet
facet normal 0.271993642211279 0.8228984761030885 0.4988562484562634
 outer loop
  vertex 54.21932942611899 15.54928337904781 32.92248978395843
  vertex 58.15990341714685 8.962863369074022 41.63871601228608
  vertex 66.85043315157954 9.254637869575358 36.41903672571833
 endloop
endfacet
facet normal 0.2807788948369119 0.8305766190956714 0.480942503866903
 outer loop
  vertex 54.21932942611899 15.54928337904781 32.92248978395843
  vertex 66.85043315157954 9.254637869575358 36.41903672571833
  vertex 61.683248527381515 15.311005072659842 28.976482618814533
 endloop
endfacet
facet normal 0.5091732747255656 0.07841026673353697 0.8570848303266247
 outer loop
  vertex 58.15990341714685 8.962863369074022 41.63871601228608
  vertex 59.179062842389264 -2.597350613849874 42.09084246018045
  vertex 67.9548627197389 -1.5813086462909522 36.78440052742348
 endloop
endfacet
facet normal 0.511195920161412 0.08095286897929076 0.8556432458766617
 outer loop
  vertex 58.15990341714685 8.962863369074022 41.63871601228608
  vertex 67.9548627197389 -1.5813086462909522 36.78440052742348
  vertex 66.85043315157954 9.254637869575358 36.41903672571833
 endloop
endfacet
facet normal 0.42746537906064347 -0.71790828990412 0.5494370182209081
 outer loop
  vertex 59.179062842389264 -2.597350613849874 42.09084246018045
  vertex 56.50935986757511 -10.426281655191648 33.93840869067831
  vertex 64.16487924077808 -9.03714573546511 29.797447629182685
 endloop
endfacet
facet normal 0.4157074585480534 -0.7254138426889788 0.5486000963750627
 outer loop
  vertex 59.179062842389264 -2.597350613849874 42.09084246018045
  vertex 64.16487924077808 -9.03714573546511 29.797447629182685
  vertex 67.9548627197389 -1.5813086462909522 36.78440052742348
 endloop
endfacet
facet normal 0.09288685955475585 -0.9747486997068225 -0.2030689630197421
 outer loop
  vertex 56.50935986757511 -10.426281655191648 33.93840869067831
  vertex 52.161135284755595 -8.62858499973149 23.320363611557266
  vertex 58.33441757592843 -7.498475998439181 20.719496071236613
 endloop
endfacet
facet normal 0.06503636333165225 -0.976130167676765 -0.20722009361045005
 outer loop
  vertex 56.50935986757511 -10.426281655191648 33.93840869067831
  vertex 58.33441757592843 -7.498475998439181 20.719496071236613
  vertex 64.16487924077808 -9.03714573546511 29.797447629182685
 endloop
endfacet
facet normal -0.24465965354885325 -0.4896860735196672 -0.8368686894168322
 outer loop
  vertex 52.161135284755595 -8.62858499973149 23.320363611557266
  vertex 49.408690892410924 1.4420371046402036 18.232311736042842
  vertex 54.85393427856513 1.8760508696636267 16.386428533183455
 endloop
endfacet
facet normal -0.2631851643047963 -0.48357194360591443 -0.8348004220453268
 outer loop
  vertex 52.161135284755595 -8.62858499973149 23.320363611557266
  vertex 54.85393427856513 1.8760508696636267 16.386428533183455
  vertex 58.33441757592843 -7.498475998439181 20.719496071236613
 endloop
endfacet
facet normal -0.49484137026789693 0.35910495551279265 -0.7913126115496614
 outer loop
  vertex 54.85393427856513 1.8760508696636267 16.386428533183455
  vertex 56.34430426052344 12.027224931663284 20.061133249646982
  vertex 61.93486437032388 11.868375132171344 16.49303116929581
 endloop
endfacet
facet normal -0.4834565311519182 0.3511496574332771 -0.8018501733934128
 outer loop
  vertex 54.85393427856513 1.8760508696636267 16.386428533183455
  vertex 61.93486437032388 11.868375132171344 16.49303116929581
  vertex 60.016433313200174 2.3303851100546082 13.472786259341829
 endloop
endfacet
facet normal -0.16382848952791554 0.9534722325181567 -0.2530828477709305
 outer loop
  vertex 56.34430426052344 12.027224931663284 20.061133249646982
  vertex 61.683248527381515 15.311005072659842 28.976482618814533
  vertex 68.31081293407772 15.066693920609652 23.76582619864498
 endloop
endfacet
facet normal -0.1531891070891942 0.9470516256075445 -0.28218135286252155
 outer loop
  vertex 56.34430426052344 12.027224931663284 20.061133249646982
  vertex 68.31081293407772 15.066693920609652 23.76582619864498
  vertex 61.93486437032388 11.868375132171344 16.49303116929581
 endloop
endfacet
facet normal 0.3515627765073917 0.8306171189881365 0.431831930058746
 outer loop
  vertex 61.683248527381515 15.311005072659842 28.976482618814533
  vertex 66.85043315157954 9.254637869575358 36.41903672571833
  vertex 74.34305969030673 9.516942193861848 29.814608352307193
 endloop
endfacet
facet normal 0.3561023319535287 0.837905633798155 0.41364873748939573
 outer loop
  vertex 61.683248527381515 15.311005072659842 28.976482618814533
  vertex 74.34305969030673 9.516942193861848 29.814608352307193
  vertex 68.31081293407772 15.066693920609652 23.76582619864498
 endloop
endfacet
facet normal 0.6549827795244025 0.09204653106998688 0.7500166629112115
 outer loop
  vertex 66.85043315157954 9.254637869575358 36.41903672571833
  vertex 67.9548627197389 -1.5813086462909522 36.78440052742348
  vertex 75.48919979616132 -0.6018038035267654 30.084521295905013
 endloop
endfacet
facet normal 0.656435654954267 0.09431869975376024 0.7484625667202885
 outer loop
  vertex 66.85043315157954 9.254637869575358 36.41903672571833
  vertex 75.48919979616132 -0.6018038035267654 30.084521295905013
  vertex 74.34305969030673 9.516942193861848 29.814608352307193
 endloop
endfacet
facet normal 0.5247870807750586 -0.7086753558828969 0.47156946446503667
 outer loop
  vertex 67.9548627197389 -1.5813086462909522 36.78440052742348
  vertex 64.16487924077808 -9.03714573546511 29.797447629182685
  vertex 70.88616637493556 -7.6699219507203225 24.37231507768863
 endloop
endfacet
facet normal 0.513389839149264 -0.7162880777507681 0.4726121694692201
 outer loop
  vertex 67.9548627197389 -1.5813086462909522 36.78440052742348
  vertex 70.88616637493556 -7.6699219507203225 24.37231507768863
  vertex 75.48919979616132 -0.6018038035267654 30.084521295905013
 endloop
endfacet
facet normal 0.060497377210033385 -0.9770051050150463 -0.20445315386475496
 outer loop
  vertex 64.16487924077808 -9.03714573546511 29.797447629182685
  vertex 58.33441757592843 -7.498475998439181 20.719496071236613
  vertex 64.00013747758263 -6.364975119547367 16.979397487746887
 endloop
endfacet
facet normal 0.03403367318269184 -0.9782992245767078 -0.2043828179723187
 outer loop
  vertex 64.16487924077808 -9.03714573546511 29.797447629182685
  vertex 64.00013747758263 -6.364975119547367 16.979397487746887
  vertex 70.88616637493556 -7.6699219507203225 24.37231507768863
 endloop
endfacet
facet normal -0.3912252909666919 -0.5018223814524296 -0.7714383119740937
 outer loop
  vertex 58.33441757592843 -7.498475998439181 20.719496071236613
  vertex 54.85393427856513 1.8760508696636267 16.386428533183455
  vertex 60.016433313200174 2.3303851100546082 13.472786259341829
 endloop
endfacet
facet normal -0.4071444355899977 -0.4958587447641536 -0.7670446621996795
 outer loop
  vertex 58.33441757592843 -7.498475998439181 20.719496071236613
  vertex 60.016433313200174 2.3303851100546082 13.472786259341829
  vertex 64.00013747758263 -6.364975119547367 16.979397487746887
 endloop
endfacet
facet normal -0.6314417619705512 0.34664541956405914 -0.6936268840917162
 outer loop
  vertex 60.016433313200174 2.3303851100546082 13.472786259341829
  vertex 61.93486437032388 11.868375132171344 16.49303116929581
  vertex 66.89369202645034 11.699502735012642 11.89437764444644
 endloop
endfacet
facet normal -0.6234078552863981 0.3388933054610611 -0.704637476636667
 outer loop
  vertex 60.016433313200174 2.3303851100546082 13.472786259341829
  vertex 66.89369202645034 11.699502735012642 11.89437764444644
  vertex 64.6906140427863 2.7804337783297477 9.553888110150641
 endloop
endfacet
facet normal -0.2123131034789649 0.9494121907480564 -0.23138633959269572
 outer loop
  vertex 61.93486437032388 11.868375132171344 16.49303116929581
  vertex 68.31081293407772 15.066693920609652 23.76582619864498
  vertex 73.90924116637098 14.785413180045499 17.474741602730326
 endloop
endfacet
facet normal -0.2084541552421193 0.9430023733186484 -0.2594096934921489
 outer loop
  vertex 61.93486437032388 11.868375132171344 16.49303116929581
  vertex 73.90924116637098 14.785413180045499 17.474741602730326
  vertex 66.89369202645034 11.699502735012642 11.89437764444644
 endloop
endfacet
facet normal 0.41768231238530745 0.8376405937665262 0.3519939226675989
 outer loop
  vertex 68.31081293407772 15.066693920609652 23.76582619864498
  vertex 74.34305969030673 9.516942193861848 29.814608352307193
  vertex 80.45440986906559 9.714411607217267 22.0928521057346
 endloop
endfacet
facet normal 0.41828734670013923 0.8444891289466893 0.33447542014536646
 outer loop
  vertex 68.31081293407772 15.066693920609652 23.76582619864498
  vertex 80.45440986906559 9.714411607217267 22.0928521057346
  vertex 73.90924116637098 14.785413180045499 17.474741602730326
 endloop
endfacet
facet normal 0.7774242071770542 0.10460207728298211 0.620217709778763
 outer loop
  vertex 74.34305969030673 9.516942193861848 29.814608352307193
  vertex 75.48919979616132 -0.6018038035267654 30.084521295905013
  vertex 81.60055260429505 0.30506563044841206 22.271177752410463
 endloop
endfacet
facet normal 0.7783400507983085 0.10653510858247468 0.6187382612725729
 outer loop
  vertex 74.34305969030673 9.516942193861848 29.814608352307193
  vertex 81.60055260429505 0.30506563044841206 22.271177752410463
  vertex 80.45440986906559 9.714411607217267 22.0928521057346
 endloop
endfacet
facet normal 0.6045651207597874 -0.7003720741948665 0.37944692968672733
 outer loop
  vertex 75.48919979616132 -0.6018038035267654 30.084521295905013
  vertex 70.88616637493556 -7.6699219507203225 24.37231507768863
  vertex 76.4846005153805 -6.357195314075128 17.875435693630713
 endloop
endfacet
facet normal 0.5937259134400477 -0.7081013330070944 0.3822068051505062
 outer loop
  vertex 75.48919979616132 -0.6018038035267654 30.084521295905013
  vertex 76.4846005153805 -6.357195314075128 17.875435693630713
  vertex 81.60055260429505 0.30506563044841206 22.271177752410463
 endloop
endfacet
facet normal 0.028000535176435488 -0.9796007980762756 -0.19899308138263844
 outer loop
  vertex 70.88616637493556 -7.6699219507203225 24.37231507768863
  vertex 64.00013747758263 -6.364975119547367 16.979397487746887
  vertex 68.95896987167887 -5.255552849770595 12.215709356453473
 endloop
endfacet
facet normal 0.0033158549348936486 -0.980736863240734 -0.19530542795011263
 outer loop
  vertex 70.88616637493556 -7.6699219507203225 24.37231507768863
  vertex 68.95896987167887 -5.255552849770595 12.215709356453473
  vertex 76.4846005153805 -6.357195314075128 17.875435693630713
 endloop
endfacet
facet normal -0.5216492958051658 -0.5136905470547405 -0.6811784157271692
 outer loop
  vertex 64.00013747758263 -6.364975119547367 16.979397487746887
  vertex 60.016433313200174 2.3303851100546082 13.472786259341829
  vertex 64.6906140427863 2.7804337783297477 9.553888110150641
 endloop
endfacet
facet normal -0.5350080277158574 -0.5078212281001625 -0.6751918324227797
 outer loop
  vertex 64.00013747758263 -6.364975119547367 16.979397487746887
  vertex 64.6906140427863 2.7804337783297477 9.553888110150641
  vertex 68.95896987167887 -5.255552849770595 12.215709356453473
 endloop
endfacet
facet normal -0.7462450240672847 0.3352407359780395 -0.5750930472503736
 outer loop
  vertex 64.6906140427863 2.7804337783297477 9.553888110150641
  vertex 66.89369202645034 11.699502735012642 11.89437764444644
  vertex 71.03992071140561 11.491755428629203 6.393097634526619
 endloop
endfacet
facet normal -0.7411925544932763 0.32763364533423045 -0.5859093714976195
 outer loop
  vertex 64.6906140427863 2.7804337783297477 9.553888110150641
  vertex 71.03992071140561 11.491755428629203 6.393097634526619
  vertex 68.68908899208373 3.198428373657192 4.729437595688297
 endloop
endfacet
facet normal -0.2544237652445111 0.9455424843682503 -0.2030220626767523
 outer loop
  vertex 66.89369202645034 11.699502735012642 11.89437764444644
  vertex 73.90924116637098 14.785413180045499 17.474741602730326
  vertex 78.32308018013671 14.435312393148212 10.312856388301187
 endloop
endfacet
facet normal -0.2564411942270788 0.9391039060877602 -0.22873951882895333
 outer loop
  vertex 66.89369202645034 11.699502735012642 11.89437764444644
  vertex 78.32308018013671 14.435312393148212 10.312856388301187
  vertex 71.03992071140561 11.491755428629203 6.393097634526619
 endloop
endfacet
facet normal 0.4688882274857028 0.8435789373572473 0.26176020815344225
 outer loop
  vertex 73.90924116637098 14.785413180045499 17.474741602730326
  vertex 80.45440986906559 9.714411607217267 22.0928521057346
  vertex 85.05419976894424 9.81254083531191 13.537055566912748
 endloop
endfacet
facet normal 0.46605428983254304 0.8499622466855941 0.2456777933348097
 outer loop
  vertex 73.90924116637098 14.785413180045499 17.474741602730326
  vertex 85.05419976894424 9.81254083531191 13.537055566912748
  vertex 78.32308018013671 14.435312393148212 10.312856388301187
 endloop
endfacet
facet normal 0.8737066615028439 0.11538146827566628 0.4725714617114606
 outer loop
  vertex 80.45440986906559 9.714411607217267 22.0928521057346
  vertex 81.60055260429505 0.30506563044841206 22.271177752410463
  vertex 86.16460913763923 1.1044820255258063 13.637807427189408
 endloop
endfacet
facet normal 0.8741780258225527 0.11692407591967298 0.47131893621974824
 outer loop
  vertex 80.45440986906559 9.714411607217267 22.0928521057346
  vertex 86.16460913763923 1.1044820255258063 13.637807427189408
  vertex 85.05419976894424 9.81254083531191 13.537055566912748
 endloop
endfacet
facet normal 0.6650858803953539 -0.6934890727078106 0.27700844343376596
 outer loop
  vertex 81.60055260429505 0.30506563044841206 22.271177752410463
  vertex 76.4846005153805 -6.357195314075128 17.875435693630713
  vertex 80.81814738337116 -5.131518140413365 10.539243763379433
 endloop
endfacet
facet normal 0.6549788415072362 -0.7013301631298365 0.2813160490660206
 outer loop
  vertex 81.60055260429505 0.30506563044841206 22.271177752410463
  vertex 80.81814738337116 -5.131518140413365 10.539243763379433
  vertex 86.16460913763923 1.1044820255258063 13.637807427189408
 endloop
endfacet
facet normal -0.003569370605302146 -0.9824515095939375 -0.1864840231496393
 outer loop
  vertex 76.4846005153805 -6.357195314075128 17.875435693630713
  vertex 68.95896987167887 -5.255552849770595 12.215709356453473
  vertex 73.04080925504834 -4.199624346332144 6.574646213511668
 endloop
endfacet
facet normal -0.02619099295008127 -0.9833610437483636 -0.179763982839772
 outer loop
  vertex 76.4846005153805 -6.357195314075128 17.875435693630713
  vertex 73.04080925504834 -4.199624346332144 6.574646213511668
  vertex 80.81814738337116 -5.131518140413365 10.539243763379433
 endloop
endfacet
facet normal -0.63255148715248 -0.5246939535308193 -0.5697147279379254
 outer loop
  vertex 68.95896987167887 -5.255552849770595 12.215709356453473
  vertex 64.6906140427863 2.7804337783297477 9.553888110150641
  vertex 68.68908899208373 3.198428373657192 4.729437595688297
 endloop
endfacet
facet normal -0.6434889391056065 -0.5188767117455545 -0.5627512267928535
 outer loop
  vertex 68.95896987167887 -5.255552849770595 12.215709356453473
  vertex 68.68908899208373 3.198428373657192 4.729437595688297
  vertex 73.04080925504834 -4.199624346332144 6.574646213511668
 endloop
endfacet
facet normal -0.8366915002372423 0.32552138952812165 -0.44043519204354453
 outer loop
  vertex 68.68908899208373 3.198428373657192 4.729437595688297
  vertex 71.03992071140561 11.491755428629203 6.393097634526619
  vertex 74.21992890432831 11.214904945785339 0.14744190750170727
 endloop
endfacet
facet normal -0.8341941305425857 0.3180276357646279 -0.45053143670365614
 outer loop
  vertex 68.68908899208373 3.198428373657192 4.729437595688297
  vertex 74.21992890432831 11.214904945785339 0.14744190750170727
  vertex 71.84814348533547 3.5546559015305057 -0.8683394125115256
 endloop
endfacet
facet normal -0.2893508357774411 0.9420427975495115 -0.16979829628116622
 outer loop
  vertex 71.03992071140561 11.491755428629203 6.393097634526619
  vertex 78.32308018013671 14.435312393148212 10.312856388301187
  vertex 81.43698221302171 13.985135661084216 2.50891528387806
 endloop
endfacet
facet normal -0.2961984823790956 0.9355715366898874 -0.19228197724187096
 outer loop
  vertex 71.03992071140561 11.491755428629203 6.393097634526619
  vertex 81.43698221302171 13.985135661084216 2.50891528387806
  vertex 74.21992890432831 11.214904945785339 0.14744190750170727
 endloop
endfacet
facet normal 0.5040222261850169 0.8480429037656981 0.1636607127081595
 outer loop
  vertex 78.32308018013671 14.435312393148212 10.312856388301187
  vertex 85.05419976894424 9.81254083531191 13.537055566912748
  vertex 88.06471506891118 9.779307816398735 4.437843098927961
 endloop
endfacet
facet normal 0.49836863568788975 0.8539612216194262 0.14959590546819324
 outer loop
  vertex 78.32308018013671 14.435312393148212 10.312856388301187
  vertex 88.06471506891118 9.779307816398735 4.437843098927961
  vertex 81.43698221302171 13.985135661084216 2.50891528387806
 endloop
endfacet
facet normal 0.9419374258612588 0.12372301245160888 0.3121642227286215
 outer loop
  vertex 85.05419976894424 9.81254083531191 13.537055566912748
  vertex 86.16460913763923 1.1044820255258063 13.637807427189408
  vertex 89.1123094504001 1.7644955620300662 4.481703364962132
 endloop
endfacet
facet normal 0.9420954332789148 0.12484197309211933 0.3112405441928804
 outer loop
  vertex 85.05419976894424 9.81254083531191 13.537055566912748
  vertex 89.1123094504001 1.7644955620300662 4.481703364962132
  vertex 88.06471506891118 9.779307816398735 4.437843098927961
 endloop
endfacet
facet normal 0.7054814312040087 -0.6884613123136023 0.1682764739165166
 outer loop
  vertex 86.16460913763923 1.1044820255258063 13.637807427189408
  vertex 80.81814738337116 -5.131518140413365 10.539243763379433
  vertex 83.79090542119631 -4.023984002106994 2.607468407070466
 endloop
endfacet
facet normal 0.696255297243294 -0.6963974102179008 0.173951740728437
 outer loop
  vertex 86.16460913763923 1.1044820255258063 13.637807427189408
  vertex 83.79090542119631 -4.023984002106994 2.607468407070466
  vertex 89.1123094504001 1.7644955620300662 4.481703364962132
 endloop
endfacet
facet normal -0.03300568709026923 -0.9854245148781229 -0.16688064626227828
 outer loop
  vertex 80.81814738337116 -5.131518140413365 10.539243763379433
  vertex 73.04080925504834 -4.199624346332144 6.574646213511668
  vertex 76.10762875215032 -3.2272877007526137 0.22647537597112066
 endloop
endfacet
facet normal -0.053378308882761676 -0.9860449860342501 -0.1576897005436047
 outer loop
  vertex 80.81814738337116 -5.131518140413365 10.539243763379433
  vertex 76.10762875215032 -3.2272877007526137 0.22647537597112066
  vertex 83.79090542119631 -4.023984002106994 2.607468407070466
 endloop
endfacet
facet normal -0.7211993523881112 -0.5342206265641547 -0.4409986578986054
 outer loop
  vertex 73.04080925504834 -4.199624346332144 6.574646213511668
  vertex 68.68908899208373 3.198428373657192 4.729437595688297
  vertex 71.84814348533547 3.5546559015305057 -0.8683394125115256
 endloop
endfacet
facet normal -0.729921647795479 -0.5284273241405933 -0.4335653943537759
 outer loop
  vertex 73.04080925504834 -4.199624346332144 6.574646213511668
  vertex 71.84814348533547 3.5546559015305057 -0.8683394125115256
  vertex 76.10762875215032 -3.2272877007526137 0.22647537597112066
 endloop
endfacet
facet normal -0.9011482024416809 0.3180745110074278 -0.2945513922620516
 outer loop
  vertex 71.84814348533547 3.5546559015305057 -0.8683394125115256
  vertex 74.21992890432831 11.214904945785339 0.14744190750170727
  vertex 76.3120840715251 10.83880861835662 -6.659412774764729
 endloop
endfacet
facet normal -0.90074478328944 0.3106843624816455 -0.30353593244661015
 outer loop
  vertex 71.84814348533547 3.5546559015305057 -0.8683394125115256
  vertex 76.3120840715251 10.83880861835662 -6.659412774764729
  vertex 74.03242503941006 3.818798129392034 -7.079845708333771
 endloop
endfacet
facet normal -0.3167662215991508 0.9390595402340988 -0.13351532027868926
 outer loop
  vertex 74.21992890432831 11.214904945785339 0.14744190750170727
  vertex 81.43698221302171 13.985135661084216 2.50891528387806
  vertex 83.1777023819019 13.405752538045451 -5.695960363434779
 endloop
endfacet
facet normal -0.3273285445334052 0.9325828993393799 -0.15213533380973135
 outer loop
  vertex 74.21992890432831 11.214904945785339 0.14744190750170727
  vertex 83.1777023819019 13.405752538045451 -5.695960363434779
  vertex 76.3120840715251 10.83880861835662 -6.659412774764729
 endloop
endfacet
facet normal 0.5222453565788745 0.8506570615766043 0.06035189410168833
 outer loop
  vertex 81.43698221302171 13.985135661084216 2.50891528387806
  vertex 88.06471506891118 9.779307816398735 4.437843098927961
  vertex 89.45932934973588 9.586668760819407 -4.914987790922961
 endloop
endfacet
facet normal 0.5144558665203565 0.8561334338981706 0.048689883595217115
 outer loop
  vertex 81.43698221302171 13.985135661084216 2.50891528387806
  vertex 89.45932934973588 9.586668760819407 -4.914987790922961
  vertex 83.1777023819019 13.405752538045451 -5.695960363434779
 endloop
endfacet
facet normal 0.9811050253027208 0.1290265358823862 0.1441703241445308
 outer loop
  vertex 88.06471506891118 9.779307816398735 4.437843098927961
  vertex 89.1123094504001 1.7644955620300662 4.481703364962132
  vertex 90.42677174640966 2.257405266041434 -4.9045833332679125
 endloop
endfacet
facet normal 0.9810960051924131 0.12970582531499755 0.1436211247513525
 outer loop
  vertex 88.06471506891118 9.779307816398735 4.437843098927961
  vertex 90.42677174640966 2.257405266041434 -4.9045833332679125
  vertex 89.45932934973588 9.586668760819407 -4.914987790922961
 endloop
endfacet
facet normal 0.7256835181318024 -0.6856471497888851 0.05719630668345688
 outer loop
  vertex 89.1123094504001 1.7644955620300662 4.481703364962132
  vertex 83.79090542119631 -4.023984002106994 2.607468407070466
  vertex 85.35152571499943 -3.062953044991655 -5.672581759296145
 endloop
endfacet
facet normal 0.7174588348105808 -0.6936503250143995 0.06404722444932112
 outer loop
  vertex 89.1123094504001 1.7644955620300662 4.481703364962132
  vertex 85.35152571499943 -3.062953044991655 -5.672581759296145
  vertex 90.42677174640966 2.257405266041434 -4.9045833332679125
 endloop
endfacet
facet normal -0.05897743185774093 -0.9883382803239197 -0.14038912414365554
 outer loop
  vertex 83.79090542119631 -4.023984002106994 2.607468407070466
  vertex 76.10762875215032 -3.2272877007526137 0.22647537597112066
  vertex 78.05535503330907 -2.3680678485406563 -6.640664589895517
 endloop
endfacet
facet normal -0.07700505436471504 -0.9886164414487401 -0.12925847476864696
 outer loop
  vertex 83.79090542119631 -4.023984002106994 2.607468407070466
  vertex 78.05535503330907 -2.3680678485406563 -6.640664589895517
  vertex 85.35152571499943 -3.062953044991655 -5.672581759296145
 endloop
endfacet
facet normal -0.785519191572265 -0.5416654587194767 -0.29926264468168146
 outer loop
  vertex 76.10762875215032 -3.2272877007526137 0.22647537597112066
  vertex 71.84814348533547 3.5546559015305057 -0.8683394125115256
  vertex 74.03242503941006 3.818798129392034 -7.079845708333771
 endloop
endfacet
facet normal -0.7922790790126123 -0.5358804235217116 -0.29176365888355216
 outer loop
  vertex 76.10762875215032 -3.2272877007526137 0.22647537597112066
  vertex 74.03242503941006 3.818798129392034 -7.079845708333771
  vertex 78.05535503330907 -2.3680678485406563 -6.640664589895517
 endloop
endfacet
facet normal -0.9388888503442773 0.31341644248018036 -0.14233011024470313
 outer loop
  vertex 74.03242503941006 3.818798129392034 -7.079845708333771
  vertex 76.3120840715251 10.83880861835662 -6.659412774764729
  vertex 77.23023248658893 10.334912632143403 -13.825630769608459
 endloop
endfacet
facet normal -0.9401052430090047 0.30613936831698246 -0.14993605047972675
 outer loop
  vertex 74.03242503941006 3.818798129392034 -7.079845708333771
  vertex 77.23023248658893 10.334912632143403 -13.825630769608459
  vertex 75.13847416403398 3.9613181297270654 -13.723822223802022
 endloop
endfacet
facet normal -0.3367669054117982 0.9366977561726603 -0.09584030989340674
 outer loop
  vertex 76.3120840715251 10.83880861835662 -6.659412774764729
  vertex 83.1777023819019 13.405752538045451 -5.695960363434779
  vertex 83.51477758522256 12.671617000579307 -14.055479282724264
 endloop
endfacet
facet normal -0.34992241529188906 0.9302689660590578 -0.1102449729634075
 outer loop
  vertex 76.3120840715251 10.83880861835662 -6.659412774764729
  vertex 83.51477758522256 12.671617000579307 -14.055479282724264
  vertex 77.23023248658893 10.334912632143403 -13.825630769608459
 endloop
endfacet
facet normal 0.5230784567368357 0.851074215102204 -0.04540493900422788
 outer loop
  vertex 83.1777023819019 13.405752538045451 -5.695960363434779
  vertex 89.45932934973588 9.586668760819407 -4.914987790922961
  vertex 89.2597188193063 9.211845185520048 -14.240287144718025
 endloop
endfacet
facet normal 0.5138470147926243 0.856150973247286 -0.05446793916088397
 outer loop
  vertex 83.1777023819019 13.405752538045451 -5.695960363434779
  vertex 89.2597188193063 9.211845185520048 -14.240287144718025
  vertex 83.51477758522256 12.671617000579307 -14.055479282724264
 endloop
endfacet
facet normal 0.9910625774601699 0.1307801736842401 -0.02629664862914612
 outer loop
  vertex 89.45932934973588 9.586668760819407 -4.914987790922961
  vertex 90.42677174640966 2.257405266041434 -4.9045833332679125
  vertex 90.13899826413058 2.560875930188687 -14.24089026611507
 endloop
endfacet
facet normal 0.9910261360005219 0.13101923156000872 -0.026479401906004056
 outer loop
  vertex 89.45932934973588 9.586668760819407 -4.914987790922961
  vertex 90.13899826413058 2.560875930188687 -14.24089026611507
  vertex 89.2597188193063 9.211845185520048 -14.240287144718025
 endloop
endfacet
facet normal 0.7263554406599272 -0.6853088806733655 -0.05253105647083332
 outer loop
  vertex 90.42677174640966 2.257405266041434 -4.9045833332679125
  vertex 85.35152571499943 -3.062953044991655 -5.672581759296145
  vertex 85.49050056371071 -2.2729752611022125 -14.056834484201993
 endloop
endfacet
facet normal 0.7192194248557666 -0.6933432502027068 -0.04470521567431456
 outer loop
  vertex 90.42677174640966 2.257405266041434 -4.9045833332679125
  vertex 85.49050056371071 -2.2729752611022125 -14.056834484201993
  vertex 90.13899826413058 2.560875930188687 -14.24089026611507
 endloop
endfacet
facet normal -0.08011265283006785 -0.9909692610439871 -0.10752621318758954
 outer loop
  vertex 85.35152571499943 -3.062953044991655 -5.672581759296145
  vertex 78.05535503330907 -2.3680678485406563 -6.640664589895517
  vertex 78.81463929853531 -1.649719848715982 -13.826717556813067
 endloop
endfacet
facet normal -0.09577947197685986 -0.9908638125919558 -0.09494839463396637
 outer loop
  vertex 85.35152571499943 -3.062953044991655 -5.672581759296145
  vertex 78.81463929853531 -1.649719848715982 -13.826717556813067
  vertex 85.49050056371071 -2.2729752611022125 -14.056834484201993
 endloop
endfacet
facet normal -0.8241400559976284 -0.5464577033626382 -0.14891993330597716
 outer loop
  vertex 78.05535503330907 -2.3680678485406563 -6.640664589895517
  vertex 74.03242503941006 3.818798129392034 -7.079845708333771
  vertex 75.13847416403398 3.9613181297270654 -13.723822223802022
 endloop
endfacet
facet normal -0.8292162816657842 -0.5406770420775616 -0.14166401939317338
 outer loop
  vertex 78.05535503330907 -2.3680678485406563 -6.640664589895517
  vertex 75.13847416403398 3.9613181297270654 -13.723822223802022
  vertex 78.81463929853531 -1.649719848715982 -13.826717556813067
 endloop
endfacet
facet normal -0.9500219130126545 0.3119722388673779 0.011475494405562656
 outer loop
  vertex 75.13847416403398 3.9613181297270654 -13.723822223802022
  vertex 77.23023248658893 10.334912632143403 -13.825630769608459
  vertex 76.92611106532631 9.677754884373124 -21.13747613240452
 endloop
endfacet
facet normal -0.9523907356495029 0.3048323115947289 0.00539893108058136
 outer loop
  vertex 75.13847416403398 3.9613181297270654 -13.723822223802022
  vertex 76.92611106532631 9.677754884373124 -21.13747613240452
  vertex 75.09741272581815 3.9548736671805527 -20.603341962025173
 endloop
endfacet
facet normal -0.34978579956925865 0.9350187982428411 -0.05822148531433794
 outer loop
  vertex 77.23023248658893 10.334912632143403 -13.825630769608459
  vertex 83.51477758522256 12.671617000579307 -14.055479282724264
  vertex 82.46009543494704 11.762113839170706 -22.325445449908443
 endloop
endfacet
facet normal -0.364459881786102 0.9287102861129053 -0.06830958231863568
 outer loop
  vertex 77.23023248658893 10.334912632143403 -13.825630769608459
  vertex 82.46009543494704 11.762113839170706 -22.325445449908443
  vertex 76.92611106532631 9.677754884373124 -21.13747613240452
 endloop
endfacet
facet normal 0.5064387838073332 0.848993421948265 -0.1507644777270972
 outer loop
  vertex 83.51477758522256 12.671617000579307 -14.055479282724264
  vertex 89.2597188193063 9.211845185520048 -14.240287144718025
  vertex 87.5321627316472 8.638385725436578 -23.27268478829865
 endloop
endfacet
facet normal 0.49642573671039053 0.8537269162346314 -0.15720000136149126
 outer loop
  vertex 83.51477758522256 12.671617000579307 -14.055479282724264
  vertex 87.5321627316472 8.638385725436578 -23.27268478829865
  vertex 82.46009543494704 11.762113839170706 -22.325445449908443
 endloop
endfacet
facet normal 0.9724799341320381 0.1285825817692843 -0.19429178411886625
 outer loop
  vertex 89.2597188193063 9.211845185520048 -14.240287144718025
  vertex 90.13899826413058 2.560875930188687 -14.24089026611507
  vertex 88.32294282969397 2.6588015252537014 -23.265903605606145
 endloop
endfacet
facet normal 0.9725311819571599 0.12839382186462975 -0.19416005415121612
 outer loop
  vertex 89.2597188193063 9.211845185520048 -14.240287144718025
  vertex 88.32294282969397 2.6588015252537014 -23.265903605606145
  vertex 87.5321627316472 8.638385725436578 -23.27268478829865
 endloop
endfacet
facet normal 0.7087834433894029 -0.6876046324195593 -0.15756236813472874
 outer loop
  vertex 90.13899826413058 2.560875930188687 -14.24089026611507
  vertex 85.49050056371071 -2.2729752611022125 -14.056834484201993
  vertex 84.23696218628382 -1.673889897351442 -22.3102082707093
 endloop
endfacet
facet normal 0.7027875886839907 -0.6956282818124553 -0.1489660992789746
 outer loop
  vertex 90.13899826413058 2.560875930188687 -14.24089026611507
  vertex 84.23696218628382 -1.673889897351442 -22.3102082707093
  vertex 88.32294282969397 2.6588015252537014 -23.265903605606145
 endloop
endfacet
facet normal -0.09509565142319158 -0.9930632676178248 -0.06915318928731425
 outer loop
  vertex 85.49050056371071 -2.2729752611022125 -14.056834484201993
  vertex 78.81463929853531 -1.649719848715982 -13.826717556813067
  vertex 78.35104756472022 -1.0970835303587947 -21.125256863417505
 endloop
endfacet
facet normal -0.10845535366878217 -0.9925467463742947 -0.055573307642978284
 outer loop
  vertex 85.49050056371071 -2.2729752611022125 -14.056834484201993
  vertex 78.35104756472022 -1.0970835303587947 -21.125256863417505
  vertex 84.23696218628382 -1.673889897351442 -22.3102082707093
 endloop
endfacet
facet normal -0.8364043656466552 -0.5480852353242215 0.005505628647935269
 outer loop
  vertex 78.81463929853531 -1.649719848715982 -13.826717556813067
  vertex 75.13847416403398 3.9613181297270654 -13.723822223802022
  vertex 75.09741272581815 3.9548736671805527 -20.603341962025173
 endloop
endfacet
facet normal -0.8400855382375123 -0.542314539005931 0.012297529303635165
 outer loop
  vertex 78.81463929853531 -1.649719848715982 -13.826717556813067
  vertex 75.09741272581815 3.9548736671805527 -20.603341962025173
  vertex 78.35104756472022 -1.0970835303587947 -21.125256863417505
 endloop
endfacet
facet normal -0.935411828529223 0.31405953788109753 0.1623924804710076
 outer loop
  vertex 75.09741272581815 3.9548736671805527 -20.603341962025173
  vertex 76.92611106532631 9.677754884373124 -21.13747613240452
  vertex 75.39026259412213 8.846363672333862 -28.37638573912936
 endloop
endfacet
facet normal -0.9384905309039486 0.3070922166207435 0.1578920323974047
 outer loop
  vertex 75.09741272581815 3.9548736671805527 -20.603341962025173
  vertex 75.39026259412213 8.846363672333862 -28.37638573912936
  vertex 73.87645119947175 3.775673455484495 -27.512049287420332
 endloop
endfacet
facet normal -0.3564905678763785 0.9340439144080449 -0.02182752785988082
 outer loop
  vertex 76.92611106532631 9.677754884373124 -21.13747613240452
  vertex 82.46009543494704 11.762113839170706 -22.325445449908443
  vertex 80.06599071470484 10.662695579695827 -30.270879513273034
 endloop
endfacet
facet normal -0.37169623673605545 0.9279406725123107 -0.02771309967605564
 outer loop
  vertex 76.92611106532631 9.677754884373124 -21.13747613240452
  vertex 80.06599071470484 10.662695579695827 -30.270879513273034
  vertex 75.39026259412213 8.846363672333862 -28.37638573912936
 endloop
endfacet
facet normal 0.4726795471208857 0.8441776311070402 -0.2528599866963931
 outer loop
  vertex 82.46009543494704 11.762113839170706 -22.325445449908443
  vertex 87.5321627316472 8.638385725436578 -23.27268478829865
  vertex 84.3827169189493 7.856934204908075 -31.768938157290886
 endloop
endfacet
facet normal 0.4624781573723322 0.8486331851113599 -0.2567794210625934
 outer loop
  vertex 82.46009543494704 11.762113839170706 -22.325445449908443
  vertex 84.3827169189493 7.856934204908075 -31.768938157290886
  vertex 80.06599071470484 10.662695579695827 -30.270879513273034
 endloop
endfacet
facet normal 0.9267841103759905 0.12216132636783636 -0.3551729481458782
 outer loop
  vertex 87.5321627316472 8.638385725436578 -23.27268478829865
  vertex 88.32294282969397 2.6588015252537014 -23.265903605606145
  vertex 85.08985832989214 2.541875090287503 -31.74249295741013
 endloop
endfacet
facet normal 0.9270018434899885 0.1215674936666988 -0.35480829563266986
 outer loop
  vertex 87.5321627316472 8.638385725436578 -23.27268478829865
  vertex 85.08985832989214 2.541875090287503 -31.74249295741013
  vertex 84.3827169189493 7.856934204908075 -31.768938157290886
 endloop
endfacet
facet normal 0.674754618225866 -0.6925839990805215 -0.255016880618711
 outer loop
  vertex 88.32294282969397 2.6588015252537014 -23.265903605606145
  vertex 84.23696218628382 -1.673889897351442 -22.3102082707093
  vertex 81.65492304203741 -1.2801338434092173 -30.211457688524735
 endloop
endfacet
facet normal 0.6699136876075115 -0.7005520235101784 -0.245850591847772
 outer loop
  vertex 88.32294282969397 2.6588015252537014 -23.265903605606145
  vertex 81.65492304203741 -1.2801338434092173 -30.211457688524735
  vertex 85.08985832989214 2.541875090287503 -31.74249295741013
 endloop
endfacet
facet normal -0.10277233718203206 -0.9943527694821052 -0.026465383681521744
 outer loop
  vertex 84.23696218628382 -1.673889897351442 -22.3102082707093
  vertex 78.35104756472022 -1.0970835303587947 -21.125256863417505
  vertex 76.66448738705033 -0.7310419143344014 -28.32873313553332
 endloop
endfacet
facet normal -0.11393454582027358 -0.9934124380222306 -0.012273844200413669
 outer loop
  vertex 84.23696218628382 -1.673889897351442 -22.3102082707093
  vertex 76.66448738705033 -0.7310419143344014 -28.32873313553332
  vertex 81.65492304203741 -1.2801338434092173 -30.211457688524735
 endloop
endfacet
facet normal -0.8223815198866135 -0.5461202784372035 0.1595032201200186
 outer loop
  vertex 78.35104756472022 -1.0970835303587947 -21.125256863417505
  vertex 75.09741272581815 3.9548736671805527 -20.603341962025173
  vertex 73.87645119947175 3.775673455484495 -27.512049287420332
 endloop
endfacet
facet normal -0.8249510561861405 -0.540373202680824 0.1656881309021275
 outer loop
  vertex 78.35104756472022 -1.0970835303587947 -21.125256863417505
  vertex 73.87645119947175 3.775673455484495 -27.512049287420332
  vertex 76.66448738705033 -0.7310419143344014 -28.32873313553332
 endloop
endfacet
facet normal -0.8965756812906293 0.3198788702017032 0.3063161048928473
 outer loop
  vertex 73.87645119947175 3.775673455484495 -27.512049287420332
  vertex 75.39026259412213 8.846363672333862 -28.37638573912936
  vertex 72.65169297497583 7.825519132838263 -35.326031187406265
 endloop
endfacet
facet normal -0.8999621972783662 0.31312678709223196 0.3033474223974732
 outer loop
  vertex 73.87645119947175 3.775673455484495 -27.512049287420332
  vertex 72.65169297497583 7.825519132838263 -35.326031187406265
  vertex 71.47947000984477 3.404755860519379 -34.240467176496146
 endloop
endfacet
facet normal -0.35767635628181 0.9337623441176838 0.01247031935500225
 outer loop
  vertex 75.39026259412213 8.846363672333862 -28.37638573912936
  vertex 80.06599071470484 10.662695579695827 -30.270879513273034
  vertex 76.42218210241776 9.365790012265466 -37.672663065114854
 endloop
endfacet
facet normal -0.3725440483553621 0.9279551589176899 0.010495478695241455
 outer loop
  vertex 75.39026259412213 8.846363672333862 -28.37638573912936
  vertex 76.42218210241776 9.365790012265466 -37.672663065114854
  vertex 72.65169297497583 7.825519132838263 -35.326031187406265
 endloop
endfacet
facet normal 0.42261635329629277 0.8364728450771456 -0.34886759289892244
 outer loop
  vertex 80.06599071470484 10.662695579695827 -30.270879513273034
  vertex 84.3827169189493 7.856934204908075 -31.768938157290886
  vertex 79.95168217524528 6.865713110792269 -39.51330114314058
 endloop
endfacet
facet normal 0.41273210225527124 0.8407193581154044 -0.3504899037889206
 outer loop
  vertex 80.06599071470484 10.662695579695827 -30.270879513273034
  vertex 79.95168217524528 6.865713110792269 -39.51330114314058
  vertex 76.42218210241776 9.365790012265466 -37.672663065114854
 endloop
endfacet
facet normal 0.8560819725971842 0.11138620441015679 -0.5046947291791469
 outer loop
  vertex 84.3827169189493 7.856934204908075 -31.768938157290886
  vertex 85.08985832989214 2.541875090287503 -31.74249295741013
  vertex 80.58240764993856 2.2078973275028275 -39.46190740655578
 endloop
endfacet
facet normal 0.8565035588656869 0.11041791445191294 -0.5041919652458801
 outer loop
  vertex 84.3827169189493 7.856934204908075 -31.768938157290886
  vertex 80.58240764993856 2.2078973275028275 -39.46190740655578
  vertex 79.95168217524528 6.865713110792269 -39.51330114314058
 endloop
endfacet
facet normal 0.6264235770893264 -0.700192734830663 -0.34252538031067065
 outer loop
  vertex 85.08985832989214 2.541875090287503 -31.74249295741013
  vertex 81.65492304203741 -1.2801338434092173 -30.211457688524735
  vertex 77.8394093795986 -1.1002270506592087 -37.55718238724999
 endloop
endfacet
facet normal 0.6227183185021017 -0.7080589400000057 -0.33297812734169696
 outer loop
  vertex 85.08985832989214 2.541875090287503 -31.74249295741013
  vertex 77.8394093795986 -1.1002270506592087 -37.55718238724999
  vertex 80.58240764993856 2.2078973275028275 -39.46190740655578
 endloop
endfacet
facet normal -0.10224664583765108 -0.9945767269127603 0.019046199055203498
 outer loop
  vertex 81.65492304203741 -1.2801338434092173 -30.211457688524735
  vertex 76.66448738705033 -0.7310419143344014 -28.32873313553332
  vertex 73.78822100875908 -0.567574893498354 -35.23342287407011
 endloop
endfacet
facet normal -0.11136211564850194 -0.9932144731272222 0.03351849592246069
 outer loop
  vertex 81.65492304203741 -1.2801338434092173 -30.211457688524735
  vertex 73.78822100875908 -0.567574893498354 -35.23342287407011
  vertex 77.8394093795986 -1.1002270506592087 -37.55718238724999
 endloop
endfacet
facet normal -0.7828544558084986 -0.5402413001761802 0.3086717327594638
 outer loop
  vertex 76.66448738705033 -0.7310419143344014 -28.32873313553332
  vertex 73.87645119947175 3.775673455484495 -27.512049287420332
  vertex 71.47947000984477 3.404755860519379 -34.240467176496146
 endloop
endfacet
facet normal -0.7845789473473572 -0.5345373077293798 0.3141746998482518
 outer loop
  vertex 76.66448738705033 -0.7310419143344014 -28.32873313553332
  vertex 71.47947000984477 3.404755860519379 -34.240467176496146
  vertex 73.78822100875908 -0.567574893498354 -35.23342287407011
 endloop
endfacet
facet normal -0.8355708412497915 0.3295098241176492 0.4395960021008738
 outer loop
  vertex 71.47947000984477 3.404755860519379 -34.240467176496146
  vertex 72.65169297497583 7.825519132838263 -35.326031187406265
  vertex 68.77612689831898 6.606803434357026 -41.77907261175572
 endloop
endfacet
facet normal -0.8389160706538518 0.32301972207281726 0.4380389087178231
 outer loop
  vertex 71.47947000984477 3.404755860519379 -34.240467176496146
  vertex 68.77612689831898 6.606803434357026 -41.77907261175572
  vertex 67.94649072423209 2.829116440595769 -40.58221024831823
 endloop
endfacet
facet normal -0.3541649129914257 0.9341431652028017 0.0440881084949995
 outer loop
  vertex 72.65169297497583 7.825519132838263 -35.326031187406265
  vertex 76.42218210241776 9.365790012265466 -37.672663065114854
  vertex 71.65148752904351 7.871423675297845 -44.333428031559684
 endloop
endfacet
facet normal -0.36796148598444967 0.9287226009463374 0.04559249196507555
 outer loop
  vertex 72.65169297497583 7.825519132838263 -35.326031187406265
  vertex 71.65148752904351 7.871423675297845 -44.333428031559684
  vertex 68.77612689831898 6.606803434357026 -41.77907261175572
 endloop
endfacet
facet normal 0.3575365547555631 0.8258243682325384 -0.4360982972299378
 outer loop
  vertex 76.42218210241776 9.365790012265466 -37.672663065114854
  vertex 79.95168217524528 6.865713110792269 -39.51330114314058
  vertex 74.40736741480231 5.670692328438058 -46.3217947772629
 endloop
endfacet
facet normal 0.3483766720661825 0.8299296368609761 -0.43571836341827513
 outer loop
  vertex 76.42218210241776 9.365790012265466 -37.672663065114854
  vertex 74.40736741480231 5.670692328438058 -46.3217947772629
  vertex 71.65148752904351 7.871423675297845 -44.333428031559684
 endloop
endfacet
facet normal 0.7630671412899366 0.0962768272789172 -0.6391082149469756
 outer loop
  vertex 79.95168217524528 6.865713110792269 -39.51330114314058
  vertex 80.58240764993856 2.2078973275028275 -39.46190740655578
  vertex 74.96853279191423 1.661804984701414 -46.24689213406093
 endloop
endfacet
facet normal 0.7636898768669214 0.0949706199689008 -0.6385595926095772
 outer loop
  vertex 79.95168217524528 6.865713110792269 -39.51330114314058
  vertex 74.96853279191423 1.661804984701414 -46.24689213406093
  vertex 74.40736741480231 5.670692328438058 -46.3217947772629
 endloop
endfacet
facet normal 0.5661802515549869 -0.7102813776708345 -0.4182586368303144
 outer loop
  vertex 80.58240764993856 2.2078973275028275 -39.46190740655578
  vertex 77.8394093795986 -1.1002270506592087 -37.55718238724999
  vertex 72.9124146857264 -1.1364644196794886 -44.16512332002033
 endloop
endfacet
facet normal 0.5635626454259701 -0.717999809071605 -0.40850143066288164
 outer loop
  vertex 80.58240764993856 2.2078973275028275 -39.46190740655578
  vertex 72.9124146857264 -1.1364644196794886 -44.16512332002033
  vertex 74.96853279191423 1.661804984701414 -46.24689213406093
 endloop
endfacet
facet normal -0.09295832364139649 -0.9935020442559915 0.06566915657252775
 outer loop
  vertex 77.8394093795986 -1.1002270506592087 -37.55718238724999
  vertex 73.78822100875908 -0.567574893498354 -35.23342287407011
  vertex 69.78731196736409 -0.6169619489124551 -41.64410271245856
 endloop
endfacet
facet normal -0.1002028567322048 -0.9917333893058436 0.08015155668263084
 outer loop
  vertex 77.8394093795986 -1.1002270506592087 -37.55718238724999
  vertex 69.78731196736409 -0.6169619489124551 -41.64410271245856
  vertex 72.9124146857264 -1.1364644196794886 -44.16512332002033
 endloop
endfacet
facet normal -0.7192858131560886 -0.5302515136625622 0.4488443508065419
 outer loop
  vertex 73.78822100875908 -0.567574893498354 -35.23342287407011
  vertex 71.47947000984477 3.404755860519379 -34.240467176496146
  vertex 67.94649072423209 2.829116440595769 -40.58221024831823
 endloop
endfacet
facet normal -0.7204055212111748 -0.5246143549686753 0.45364706939343963
 outer loop
  vertex 73.78822100875908 -0.567574893498354 -35.23342287407011
  vertex 67.94649072423209 2.829116440595769 -40.58221024831823
  vertex 69.78731196736409 -0.6169619489124551 -41.64410271245856
 endloop
endfacet
facet normal -0.754878121263324 0.3429123846714889 0.5590797067296105
 outer loop
  vertex 67.94649072423209 2.829116440595769 -40.58221024831823
  vertex 68.77612689831898 6.606803434357026 -41.77907261175572
  vertex 63.86311881357579 5.189434306230205 -47.543347090484644
 endloop
endfacet
facet normal -0.7578953008147263 0.3367322465343631 0.5587540667832999
 outer loop
  vertex 67.94649072423209 2.829116440595769 -40.58221024831823
  vertex 63.86311881357579 5.189434306230205 -47.543347090484644
  vertex 63.35221055316372 2.0426609562706224 -46.339946292663875
 endloop
endfacet
facet normal -0.34671762062517586 0.9351488667567853 0.07268760933967278
 outer loop
  vertex 68.77612689831898 6.606803434357026 -41.77907261175572
  vertex 71.65148752904351 7.871423675297845 -44.333428031559684
  vertex 65.90465155229937 6.187580597372846 -50.082486965514526
 endloop
endfacet
facet normal -0.3588568229070779 0.9301999277179724 0.0771354336638944
 outer loop
  vertex 68.77612689831898 6.606803434357026 -41.77907261175572
  vertex 65.90465155229937 6.187580597372846 -50.082486965514526
  vertex 63.86311881357579 5.189434306230205 -47.543347090484644
 endloop
endfacet
facet normal 0.2791900930971994 0.8122915470383528 -0.512089186105718
 outer loop
  vertex 71.65148752904351 7.871423675297845 -44.333428031559684
  vertex 74.40736741480231 5.670692328438058 -46.3217947772629
  vertex 67.93949297739707 4.2854753139943735 -52.04534180284175
 endloop
endfacet
facet normal 0.27106266423256936 0.8163177722527517 -0.5100493375776953
 outer loop
  vertex 71.65148752904351 7.871423675297845 -44.333428031559684
  vertex 67.93949297739707 4.2854753139943735 -52.04534180284175
  vertex 65.90465155229937 6.187580597372846 -50.082486965514526
 endloop
endfacet
facet normal 0.6509217810537247 0.07700543423312547 -0.7552291030200139
 outer loop
  vertex 74.40736741480231 5.670692328438058 -46.3217947772629
  vertex 74.96853279191423 1.661804984701414 -46.24689213406093
  vertex 68.4353659925697 0.9154425303555449 -51.95384187501707
 endloop
endfacet
facet normal 0.6517096371732561 0.0754025906042381 -0.7547112018154178
 outer loop
  vertex 74.40736741480231 5.670692328438058 -46.3217947772629
  vertex 68.4353659925697 0.9154425303555449 -51.95384187501707
  vertex 67.93949297739707 4.2854753139943735 -52.04534180284175
 endloop
endfacet
facet normal 0.49653179807755415 -0.7226184016761619 -0.48091456523675824
 outer loop
  vertex 74.96853279191423 1.661804984701414 -46.24689213406093
  vertex 72.9124146857264 -1.1364644196794886 -44.16512332002033
  vertex 67.01886810342616 -1.3848143313228025 -49.87688849395086
 endloop
endfacet
facet normal 0.49493268577358146 -0.7301433920403885 -0.47109687285387986
 outer loop
  vertex 74.96853279191423 1.661804984701414 -46.24689213406093
  vertex 67.01886810342616 -1.3848143313228025 -49.87688849395086
  vertex 68.4353659925697 0.9154425303555449 -51.95384187501707
 endloop
endfacet
facet normal -0.0747327540992492 -0.9909434599261597 0.11156197692006212
 outer loop
  vertex 72.9124146857264 -1.1364644196794886 -44.16512332002033
  vertex 69.78731196736409 -0.6169619489124551 -41.64410271245856
  vertex 64.75665111178269 -0.8831549375080239 -47.378469917713936
 endloop
endfacet
facet normal -0.08029165609421998 -0.9887959745071921 0.12584025890000367
 outer loop
  vertex 72.9124146857264 -1.1364644196794886 -44.16512332002033
  vertex 64.75665111178269 -0.8831549375080239 -47.378469917713936
  vertex 67.01886810342616 -1.3848143313228025 -49.87688849395086
 endloop
endfacet
facet normal -0.6337607018461162 -0.5160919726757993 0.5761913297986356
 outer loop
  vertex 69.78731196736409 -0.6169619489124551 -41.64410271245856
  vertex 67.94649072423209 2.829116440595769 -40.58221024831823
  vertex 63.35221055316372 2.0426609562706224 -46.339946292663875
 endloop
endfacet
facet normal -0.6344827750780827 -0.5105482228552043 0.580320704669933
 outer loop
  vertex 69.78731196736409 -0.6169619489124551 -41.64410271245856
  vertex 63.35221055316372 2.0426609562706224 -46.339946292663875
  vertex 64.75665111178269 -0.8831549375080239 -47.378469917713936
 endloop
endfacet
facet normal -0.657282089940676 0.35993359791858565 0.6621390030292724
 outer loop
  vertex 63.35221055316372 2.0426609562706224 -46.339946292663875
  vertex 63.86311881357579 5.189434306230205 -47.543347090484644
  vertex 58.0421415030314 3.5808894485250344 -52.44723400738487
 endloop
endfacet
facet normal -0.6597529179798365 0.3541111019834768 0.662820801325018
 outer loop
  vertex 63.35221055316372 2.0426609562706224 -46.339946292663875
  vertex 58.0421415030314 3.5808894485250344 -52.44723400738487
  vertex 57.80361863841651 1.046943572168529 -51.33089576146782
 endloop
endfacet
facet normal -0.33596572857286205 0.9367499241416778 0.09811528344282938
 outer loop
  vertex 63.86311881357579 5.189434306230205 -47.543347090484644
  vertex 65.90465155229937 6.187580597372846 -50.082486965514526
  vertex 59.35446178123118 4.330333153660314 -54.779643825749595
 endloop
endfacet
facet normal -0.3460119725802909 0.9323477150690322 0.10489734523166372
 outer loop
  vertex 63.86311881357579 5.189434306230205 -47.543347090484644
  vertex 59.35446178123118 4.330333153660314 -54.779643825749595
  vertex 58.0421415030314 3.5808894485250344 -52.44723400738487
 endloop
endfacet
facet normal 0.18976083137838085 0.7960588314578547 -0.5747009341671027
 outer loop
  vertex 65.90465155229937 6.187580597372846 -50.082486965514526
  vertex 67.93949297739707 4.2854753139943735 -52.04534180284175
  vertex 60.75237553707624 2.73092829174195 -56.57177305084371
 endloop
endfacet
facet normal 0.18288032973643512 0.8000581193255699 -0.5713683494005638
 outer loop
  vertex 65.90465155229937 6.187580597372846 -50.082486965514526
  vertex 60.75237553707624 2.73092829174195 -56.57177305084371
  vertex 59.35446178123118 4.330333153660314 -54.779643825749595
 endloop
endfacet
facet normal 0.5232151926905685 0.05389505260937637 -0.8504946710250475
 outer loop
  vertex 67.93949297739707 4.2854753139943735 -52.04534180284175
  vertex 68.4353659925697 0.9154425303555449 -51.95384187501707
  vertex 61.18322520017133 -0.012940654292082021 -56.474111823397344
 endloop
endfacet
facet normal 0.5241093147244469 0.052041286088565834 -0.8500594866015664
 outer loop
  vertex 67.93949297739707 4.2854753139943735 -52.04534180284175
  vertex 61.18322520017133 -0.012940654292082021 -56.474111823397344
  vertex 60.75237553707624 2.73092829174195 -56.57177305084371
 endloop
endfacet
facet normal 0.4200064162860114 -0.7369044908323649 -0.5296851722199469
 outer loop
  vertex 68.4353659925697 0.9154425303555449 -51.95384187501707
  vertex 67.01886810342616 -1.3848143313228025 -49.87688849395086
  vertex 60.32257218647439 -1.8350844033518987 -54.5602010396036
 endloop
endfacet
facet normal 0.41934399122953253 -0.7441892802043 -0.5199355077783124
 outer loop
  vertex 68.4353659925697 0.9154425303555449 -51.95384187501707
  vertex 60.32257218647439 -1.8350844033518987 -54.5602010396036
  vertex 61.18322520017133 -0.012940654292082021 -56.474111823397344
 endloop
endfacet
facet normal -0.04779444948557822 -0.986779600170427 0.15486029602794457
 outer loop
  vertex 67.01886810342616 -1.3848143313228025 -49.87688849395086
  vertex 64.75665111178269 -0.8831549375080239 -47.378469917713936
  vertex 58.81850576942125 -1.3633915474367369 -52.271254556324244
 endloop
endfacet
facet normal -0.0518485751372976 -0.9842912693170585 0.16876736178078292
 outer loop
  vertex 67.01886810342616 -1.3848143313228025 -49.87688849395086
  vertex 58.81850576942125 -1.3633915474367369 -52.271254556324244
  vertex 60.32257218647439 -1.8350844033518987 -54.5602010396036
 endloop
endfacet
facet normal -0.5289028033270412 -0.4978478167632887 0.6873204318051546
 outer loop
  vertex 64.75665111178269 -0.8831549375080239 -47.378469917713936
  vertex 63.35221055316372 2.0426609562706224 -46.339946292663875
  vertex 57.80361863841651 1.046943572168529 -51.33089576146782
 endloop
endfacet
facet normal -0.5293967026889282 -0.4924262828674766 0.6908368020910658
 outer loop
  vertex 64.75665111178269 -0.8831549375080239 -47.378469917713936
  vertex 57.80361863841651 1.046943572168529 -51.33089576146782
  vertex 58.81850576942125 -1.3633915474367369 -52.271254556324244
 endloop
endfacet
facet normal -0.5457449896659693 0.38032028830324033 0.7466718720826645
 outer loop
  vertex 57.80361863841651 1.046943572168529 -51.33089576146782
  vertex 58.0421415030314 3.5808894485250344 -52.44723400738487
  vertex 51.46789854394608 1.7974231599466302 -56.3439547109528
 endloop
endfacet
facet normal -0.5475230456781849 0.37490359945584645 0.7481081509824195
 outer loop
  vertex 57.80361863841651 1.046943572168529 -51.33089576146782
  vertex 51.46789854394608 1.7974231599466302 -56.3439547109528
  vertex 51.43685074320035 -0.1483199800977583 -55.3915967939088
 endloop
endfacet
facet normal -0.32235319473084156 0.9389407623707999 0.12032731446085232
 outer loop
  vertex 58.0421415030314 3.5808894485250344 -52.44723400738487
  vertex 59.35446178123118 4.330333153660314 -54.779643825749595
  vertex 52.18940875191375 2.323881843230572 -58.317816461357495
 endloop
endfacet
facet normal -0.33002135922935805 0.9351473017741714 0.12878441845539293
 outer loop
  vertex 58.0421415030314 3.5808894485250344 -52.44723400738487
  vertex 52.18940875191375 2.323881843230572 -58.317816461357495
  vertex 51.46789854394608 1.7974231599466302 -56.3439547109528
 endloop
endfacet
facet normal 0.09182696004760682 0.7774450445996377 -0.6222113885456313
 outer loop
  vertex 59.35446178123118 4.330333153660314 -54.779643825749595
  vertex 60.75237553707624 2.73092829174195 -56.57177305084371
  vertex 53.05806946437766 1.0346219434412156 -59.82682388762622
 endloop
endfacet
facet normal 0.08632341410331681 0.7814536168918067 -0.6179631969820375
 outer loop
  vertex 59.35446178123118 4.330333153660314 -54.779643825749595
  vertex 53.05806946437766 1.0346219434412156 -59.82682388762622
  vertex 52.18940875191375 2.323881843230572 -58.317816461357495
 endloop
endfacet
facet normal 0.38381240828547025 0.02741520883767714 -0.9230040311778135
 outer loop
  vertex 60.75237553707624 2.73092829174195 -56.57177305084371
  vertex 61.18322520017133 -0.012940654292082021 -56.474111823397344
  vertex 53.41976144740316 -1.099517538770882 -59.734663619636805
 endloop
endfacet
facet normal 0.3847434267964346 0.02536133699855323 -0.92267507721981
 outer loop
  vertex 60.75237553707624 2.73092829174195 -56.57177305084371
  vertex 53.41976144740316 -1.099517538770882 -59.734663619636805
  vertex 53.05806946437766 1.0346219434412156 -59.82682388762622
 endloop
endfacet
facet normal 0.3390927094485029 -0.7527856429530497 -0.5642073290578887
 outer loop
  vertex 61.18322520017133 -0.012940654292082021 -56.474111823397344
  vertex 60.32257218647439 -1.8350844033518987 -54.5602010396036
  vertex 53.00212326060018 -2.471486044788166 -58.11073421891215
 endloop
endfacet
facet normal 0.339280240130759 -0.7597786231317544 -0.5546398493516582
 outer loop
  vertex 61.18322520017133 -0.012940654292082021 -56.474111823397344
  vertex 53.00212326060018 -2.471486044788166 -58.11073421891215
  vertex 53.41976144740316 -1.099517538770882 -59.734663619636805
 endloop
endfacet
facet normal -0.012734270200473592 -0.980961720639162 0.19378323199677477
 outer loop
  vertex 60.32257218647439 -1.8350844033518987 -54.5602010396036
  vertex 58.81850576942125 -1.3633915474367369 -52.271254556324244
  vertex 52.11964497689782 -2.048163306522347 -56.17788764632079
 endloop
endfacet
facet normal -0.015449024616652927 -0.9781802620206417 0.20718277590480982
 outer loop
  vertex 60.32257218647439 -1.8350844033518987 -54.5602010396036
  vertex 52.11964497689782 -2.048163306522347 -56.17788764632079
  vertex 53.00212326060018 -2.471486044788166 -58.11073421891215
 endloop
endfacet
facet normal -0.40775815023513856 -0.47574514315851785 0.7793586142963325
 outer loop
  vertex 58.81850576942125 -1.3633915474367369 -52.271254556324244
  vertex 57.80361863841651 1.046943572168529 -51.33089576146782
  vertex 51.43685074320035 -0.1483199800977583 -55.3915967939088
 endloop
endfacet
facet normal -0.40815297895939495 -0.47047786206750636 0.7823437397148137
 outer loop
  vertex 58.81850576942125 -1.3633915474367369 -52.271254556324244
  vertex 51.43685074320035 -0.1483199800977583 -55.3915967939088
  vertex 52.11964497689782 -2.048163306522347 -56.17788764632079
 endloop
endfacet
facet normal -0.4232562754600422 0.4037415526827687 0.8110776065956944
 outer loop
  vertex 51.43685074320035 -0.1483199800977583 -55.3915967939088
  vertex 51.46789854394608 1.7974231599466302 -56.3439547109528
  vertex 44.315152831675874 -0.13517240096943617 -59.114559346985324
 endloop
endfacet
facet normal -0.42426943839557435 0.39878488116179706 0.8129981932330941
 outer loop
  vertex 51.43685074320035 -0.1483199800977583 -55.3915967939088
  vertex 44.315152831675874 -0.13517240096943617 -59.114559346985324
  vertex 44.41357421713756 -1.5249210063328156 -58.381509847821576
 endloop
endfacet
facet normal -0.30606507243807846 0.9417632754462453 0.13930579476186047
 outer loop
  vertex 51.46789854394608 1.7974231599466302 -56.3439547109528
  vertex 52.18940875191375 2.323881843230572 -58.317816461357495
  vertex 44.60708033253059 0.20091186187999055 -60.62461736771154
 endloop
endfacet
facet normal -0.3112203251373624 0.938626011064898 0.14873843005018125
 outer loop
  vertex 51.46789854394608 1.7974231599466302 -56.3439547109528
  vertex 44.60708033253059 0.20091186187999055 -60.62461736771154
  vertex 44.315152831675874 -0.13517240096943617 -59.114559346985324
 endloop
endfacet
facet normal -0.01165343976748892 0.7569204773087383 -0.6534030826161574
 outer loop
  vertex 52.18940875191375 2.323881843230572 -58.317816461357495
  vertex 53.05806946437766 1.0346219434412156 -59.82682388762622
  vertex 45.06952935732231 -0.7697465225797332 -61.774579420823336
 endloop
endfacet
facet normal -0.01572405693490935 0.7609475288813806 -0.6486228583104579
 outer loop
  vertex 52.18940875191375 2.323881843230572 -58.317816461357495
  vertex 45.06952935732231 -0.7697465225797332 -61.774579420823336
  vertex 44.60708033253059 0.20091186187999055 -60.62461736771154
 endloop
endfacet
facet normal 0.23683283042248696 -0.0018169637244826598 -0.9715487167800168
 outer loop
  vertex 53.05806946437766 1.0346219434412156 -59.82682388762622
  vertex 53.41976144740316 -1.099517538770882 -59.734663619636805
  vertex 45.354266358141906 -2.316221993027783 -61.6985006253766
 endloop
endfacet
facet normal 0.23773290890792642 -0.004012784748070257 -0.9713222748299047
 outer loop
  vertex 53.05806946437766 1.0346219434412156 -59.82682388762622
  vertex 45.354266358141906 -2.316221993027783 -61.6985006253766
  vertex 45.06952935732231 -0.7697465225797332 -61.774579420823336
 endloop
endfacet
facet normal 0.2562501583711133 -0.7698595591500461 -0.5845101500573586
 outer loop
  vertex 53.41976144740316 -1.099517538770882 -59.734663619636805
  vertex 53.00212326060018 -2.471486044788166 -58.11073421891215
  vertex 45.2468785657959 -3.273986977866153 -60.45366986606734
 endloop
endfacet
facet normal 0.25720020924731674 -0.7764948492485836 -0.5752423849592064
 outer loop
  vertex 53.41976144740316 -1.099517538770882 -59.734663619636805
  vertex 45.2468785657959 -3.273986977866153 -60.45366986606734
  vertex 45.354266358141906 -2.316221993027783 -61.6985006253766
 endloop
endfacet
facet normal 0.02959401710986042 -0.9735091030924733 0.22672498836120747
 outer loop
  vertex 53.00212326060018 -2.471486044788166 -58.11073421891215
  vertex 52.11964497689782 -2.048163306522347 -56.17788764632079
  vertex 44.8282311782326 -2.921824908666318 -58.97747009457528
 endloop
endfacet
facet normal 0.028075094359141704 -0.9704945259335728 0.2394831188407551
 outer loop
  vertex 53.00212326060018 -2.471486044788166 -58.11073421891215
  vertex 44.8282311782326 -2.921824908666318 -58.97747009457528
  vertex 45.2468785657959 -3.273986977866153 -60.45366986606734
 endloop
endfacet
facet normal -0.27363046459520546 -0.4501336166032305 0.850003585903676
 outer loop
  vertex 52.11964497689782 -2.048163306522347 -56.17788764632079
  vertex 51.43685074320035 -0.1483199800977583 -55.3915967939088
  vertex 44.41357421713756 -1.5249210063328156 -58.381509847821576
 endloop
endfacet
facet normal -0.2740135614937328 -0.44506018830296806 0.8525479440508004
 outer loop
  vertex 52.11964497689782 -2.048163306522347 -56.17788764632079
  vertex 44.41357421713756 -1.5249210063328156 -58.381509847821576
  vertex 44.8282311782326 -2.921824908666318 -58.97747009457528
 endloop
endfacet
facet normal -0.2924983196610615 0.4298535538327097 0.8542076183533166
 outer loop
  vertex 44.41357421713756 -1.5249210063328156 -58.381509847821576
  vertex 44.315152831675874 -0.13517240096943617 -59.114559346985324
  vertex 36.77325576341333 -2.1791012273206913 -60.668516629986556
 endloop
endfacet
facet normal -0.2927546355408256 0.42544188763556967 0.8563258279501103
 outer loop
  vertex 44.41357421713756 -1.5249210063328156 -58.381509847821576
  vertex 36.77325576341333 -2.1791012273206913 -60.668516629986556
  vertex 36.917489099282705 -3.055823733925279 -60.18363173890289
 endloop
endfacet
facet normal -0.28679290123590073 0.9453762501893088 0.15496314845374098
 outer loop
  vertex 44.315152831675874 -0.13517240096943617 -59.114559346985324
  vertex 44.60708033253059 0.20091186187999055 -60.62461736771154
  vertex 36.80698481033612 -1.995099281324785 -61.66328524711702
 endloop
endfacet
facet normal -0.28945850116074434 0.9429320554493089 0.16459925550231608
 outer loop
  vertex 44.315152831675874 -0.13517240096943617 -59.114559346985324
  vertex 36.80698481033612 -1.995099281324785 -61.66328524711702
  vertex 36.77325576341333 -2.1791012273206913 -60.668516629986556
 endloop
endfacet
facet normal -0.11719988648480688 0.7351710989142642 -0.6676733047899561
 outer loop
  vertex 44.60708033253059 0.20091186187999055 -60.62461736771154
  vertex 45.06952935732231 -0.7697465225797332 -61.774579420823336
  vertex 36.993277579771025 -2.6423751142281544 -62.41885653201327
 endloop
endfacet
facet normal -0.11984721898710662 0.7391677137785105 -0.6627727627237759
 outer loop
  vertex 44.60708033253059 0.20091186187999055 -60.62461736771154
  vertex 36.993277579771025 -2.6423751142281544 -62.41885653201327
  vertex 36.80698481033612 -1.995099281324785 -61.66328524711702
 endloop
endfacet
facet normal 0.08678322595587142 -0.03300393002988662 -0.9956803765743676
 outer loop
  vertex 45.06952935732231 -0.7697465225797332 -61.774579420823336
  vertex 45.354266358141906 -2.316221993027783 -61.6985006253766
  vertex 37.19185181665362 -3.633516821833798 -62.36626989630304
 endloop
endfacet
facet normal 0.08759576507955585 -0.03526982194831305 -0.995531527175238
 outer loop
  vertex 45.06952935732231 -0.7697465225797332 -61.774579420823336
  vertex 37.19185181665362 -3.633516821833798 -62.36626989630304
  vertex 36.993277579771025 -2.6423751142281544 -62.41885653201327
 endloop
endfacet
facet normal 0.17412368303600076 -0.7876568638184336 -0.5909971301839698
 outer loop
  vertex 45.354266358141906 -2.316221993027783 -61.6985006253766
  vertex 45.2468785657959 -3.273986977866153 -60.45366986606734
  vertex 37.25317707043506 -4.222174482708368 -61.545124149248
 endloop
endfacet
facet normal 0.1757417870618126 -0.7938263893435037 -0.5821979799537064
 outer loop
  vertex 45.354266358141906 -2.316221993027783 -61.6985006253766
  vertex 37.25317707043506 -4.222174482708368 -61.545124149248
  vertex 37.19185181665362 -3.633516821833798 -62.36626989630304
 endloop
endfacet
facet normal 0.0783941212007921 -0.9644643748513478 0.2523149448680244
 outer loop
  vertex 45.2468785657959 -3.273986977866153 -60.45366986606734
  vertex 44.8282311782326 -2.921824908666318 -58.97747009457528
  vertex 37.131074174210724 -3.965076871785346 -60.57375878670126
 endloop
endfacet
facet normal 0.07794863820104819 -0.961303800177268 0.26423287752916963
 outer loop
  vertex 45.2468785657959 -3.273986977866153 -60.45366986606734
  vertex 37.131074174210724 -3.965076871785346 -60.57375878670126
  vertex 37.25317707043506 -4.222174482708368 -61.545124149248
 endloop
endfacet
facet normal -0.129710907004304 -0.42142070521189057 0.8975409014762691
 outer loop
  vertex 44.8282311782326 -2.921824908666318 -58.97747009457528
  vertex 44.41357421713756 -1.5249210063328156 -58.381509847821576
  vertex 36.917489099282705 -3.055823733925279 -60.18363173890289
 endloop
endfacet
facet normal -0.13012561800779698 -0.4166060012039795 0.899725937882708
 outer loop
  vertex 44.8282311782326 -2.921824908666318 -58.97747009457528
  vertex 36.917489099282705 -3.055823733925279 -60.18363173890289
  vertex 37.131074174210724 -3.965076871785346 -60.57375878670126
 endloop
endfacet
facet normal -0.152935461176102 0.45889804248840965 0.8752275882964149
 outer loop
  vertex 36.917489099282705 -3.055823733925279 -60.18363173890289
  vertex 36.77325576341333 -2.1791012273206913 -60.668516629986556
  vertex 29.039114954871476 -4.260689736718377 -60.92854899433339
 endloop
endfacet
facet normal -0.15257672520434748 0.45537831052592453 0.8771265229306838
 outer loop
  vertex 36.917489099282705 -3.055823733925279 -60.18363173890289
  vertex 29.039114954871476 -4.260689736718377 -60.92854899433339
  vertex 29.155367019469008 -4.702568088495472 -60.67891661989193
 endloop
endfacet
facet normal -0.26093971618383033 0.9507967527193468 0.1670209553805974
 outer loop
  vertex 36.77325576341333 -2.1791012273206913 -60.668516629986556
  vertex 36.80698481033612 -1.995099281324785 -61.66328524711702
  vertex 28.976946705379117 -4.183283688403208 -61.439656375517615
 endloop
endfacet
facet normal -0.2613577503659336 0.9491465511622623 0.17553618071623087
 outer loop
  vertex 36.77325576341333 -2.1791012273206913 -60.668516629986556
  vertex 28.976946705379117 -4.183283688403208 -61.439656375517615
  vertex 29.039114954871476 -4.260689736718377 -60.92854899433339
 endloop
endfacet
facet normal -0.21813734195976642 0.713922469739681 -0.6653801975138139
 outer loop
  vertex 36.80698481033612 -1.995099281324785 -61.66328524711702
  vertex 36.993277579771025 -2.6423751142281544 -62.41885653201327
  vertex 29.01567623086086 -4.528638276726917 -61.82736448072234
 endloop
endfacet
facet normal -0.21940233141357746 0.7175332682487154 -0.6610662795261936
 outer loop
  vertex 36.80698481033612 -1.995099281324785 -61.66328524711702
  vertex 29.01567623086086 -4.528638276726917 -61.82736448072234
  vertex 28.976946705379117 -4.183283688403208 -61.439656375517615
 endloop
endfacet
facet normal -0.0587313508793405 -0.06462072243060354 -0.9961800995083342
 outer loop
  vertex 36.993277579771025 -2.6423751142281544 -62.41885653201327
  vertex 37.19185181665362 -3.633516821833798 -62.36626989630304
  vertex 29.126139408690605 -5.036694452731995 -61.79972119892434
 endloop
endfacet
facet normal -0.058054140310486745 -0.06681863646360174 -0.9960747896689062
 outer loop
  vertex 36.993277579771025 -2.6423751142281544 -62.41885653201327
  vertex 29.126139408690605 -5.036694452731995 -61.79972119892434
  vertex 29.01567623086086 -4.528638276726917 -61.82736448072234
 endloop
endfacet
facet normal 0.0984086550778219 -0.805297854198789 -0.5846461345366106
 outer loop
  vertex 37.19185181665362 -3.633516821833798 -62.36626989630304
  vertex 37.25317707043506 -4.222174482708368 -61.545124149248
  vertex 29.225155212924374 -5.324875553429308 -61.3775424851377
 endloop
endfacet
facet normal 0.10049834122125666 -0.8106108236393333 -0.5768970237490717
 outer loop
  vertex 37.19185181665362 -3.633516821833798 -62.36626989630304
  vertex 29.225155212924374 -5.324875553429308 -61.3775424851377
  vertex 29.126139408690605 -5.036694452731995 -61.79972119892434
 endloop
endfacet
facet normal 0.13587890281589177 -0.9533886144916911 0.2694198833181454
 outer loop
  vertex 37.25317707043506 -4.222174482708368 -61.545124149248
  vertex 37.131074174210724 -3.965076871785346 -60.57375878670126
  vertex 29.238162723419816 -5.176175332170631 -60.8787375217201
 endloop
endfacet
facet normal 0.13637471574622156 -0.9503373061290609 0.27975157101345605
 outer loop
  vertex 37.25317707043506 -4.222174482708368 -61.545124149248
  vertex 29.238162723419816 -5.176175332170631 -60.8787375217201
  vertex 29.225155212924374 -5.324875553429308 -61.3775424851377
 endloop
endfacet
facet normal 0.023871415725842855 -0.3894478286192346 0.9207391293384936
 outer loop
  vertex 37.131074174210724 -3.965076871785346 -60.57375878670126
  vertex 36.917489099282705 -3.055823733925279 -60.18363173890289
  vertex 29.155367019469008 -4.702568088495472 -60.67891661989193
 endloop
endfacet
facet normal 0.023449113212178553 -0.38514041497297224 0.922560025062873
 outer loop
  vertex 37.131074174210724 -3.965076871785346 -60.57375878670126
  vertex 29.155367019469008 -4.702568088495472 -60.67891661989193
  vertex 29.238162723419816 -5.176175332170631 -60.8787375217201
 endloop
endfacet
facet normal 0 0 -1
 outer loop
  vertex 13.0932858390334 -16.41846113182863 0
  vertex -4.672939613082606 -20.473486155818296 0
  vertex -18.9203462259508 -9.111558521468718 0
 endloop
endfacet
facet normal 0 0 -1
 outer loop
  vertex 13.0932858390334 -16.41846113182863 0
  vertex -18.9203462259508 -9.111558521468718 0
  vertex -18.9203462259508 9.111558521468723 0
 endloop
endfacet
facet normal 0 0 -1
 outer loop
  vertex 13.0932858390334 -16.41846113182863 0
  vertex -18.9203462259508 9.111558521468723 0
  vertex -4.672939613082601 20.473486155818296 0
 endloop
endfacet
facet normal 0 0 -1
 outer loop
  vertex 13.0932858390334 -16.41846113182863 0
  vertex -4.672939613082601 20.473486155818296 0
  vertex 13.093285839033406 16.418461131828625 0
 endloop
endfacet
facet normal 0 0 -1
 outer loop
  vertex 13.0932858390334 -16.41846113182863 0
  vertex 13.093285839033406 16.418461131828625 0
  vertex 21 0 0
 endloop
endfacet
facet normal -0.9744254538021787 -0.20712052406394246 0.08715574274765955
 outer loop
  vertex 29.155367019469008 -4.702568088495472 -60.67891661989193
  vertex 29.039114954871476 -4.260689736718377 -60.92854899433339
  vertex 28.976946705379117 -4.183283688403208 -61.439656375517615
 endloop
endfacet
facet normal -0.9744254538021784 -0.20712052406394366 0.08715574274765861
 outer loop
  vertex 29.155367019469008 -4.702568088495472 -60.67891661989193
  vertex 28.976946705379117 -4.183283688403208 -61.439656375517615
  vertex 29.01567623086086 -4.528638276726917 -61.82736448072234
 endloop
endfacet
facet normal -0.9744254538021787 -0.2071205240639422 0.08715574274765886
 outer loop
  vertex 29.155367019469008 -4.702568088495472 -60.67891661989193
  vertex 29.01567623086086 -4.528638276726917 -61.82736448072234
  vertex 29.126139408690605 -5.036694452731995 -61.79972119892434
 endloop
endfacet
facet normal -0.9744254538021779 -0.20712052406394513 0.08715574274765969
 outer loop
  vertex 29.155367019469008 -4.702568088495472 -60.67891661989193
  vertex 29.126139408690605 -5.036694452731995 -61.79972119892434
  vertex 29.225155212924374 -5.324875553429308 -61.3775424851377
 endloop
endfacet
facet normal -0.9744254538021795 -0.20712052406393977 0.08715574274765478
 outer loop
  vertex 29.155367019469008 -4.702568088495472 -60.67891661989193
  vertex 29.225155212924374 -5.324875553429308 -61.3775424851377
  vertex 29.238162723419816 -5.176175332170631 -60.8787375217201
 endloop
endfacet
endsolid horn
